dataset,fold,p,k,feature_ratio,feature_pct,baseline_auc,baseline_accuracy,etree_auc,etree_accuracy,stg_auc,stg_accuracy,lspin_auc,lspin_accuracy,etree_auc_delta,stg_auc_delta,lspin_auc_delta,etree_accuracy_delta,stg_accuracy_delta,lspin_accuracy_delta
Breast,1,24481,24481,1.0,100.0,0.615,0.55,0.615,0.55,0.615,0.55,0.615,0.55,0.0,0.0,0.0,0.0,0.0,0.0
Breast,2,24481,24481,1.0,100.0,0.9494949494949495,0.85,0.9494949494949495,0.85,0.9494949494949495,0.85,0.9494949494949495,0.85,0.0,0.0,0.0,0.0,0.0,0.0
Breast,3,24481,24481,1.0,100.0,0.6277777777777777,0.5789473684210527,0.6277777777777777,0.5789473684210527,0.6277777777777777,0.5789473684210527,0.6277777777777777,0.5789473684210527,0.0,0.0,0.0,0.0,0.0,0.0
Breast,4,24481,24481,1.0,100.0,0.8333333333333333,0.8421052631578947,0.8333333333333333,0.8421052631578947,0.8333333333333333,0.8421052631578947,0.8333333333333333,0.8421052631578947,0.0,0.0,0.0,0.0,0.0,0.0
Breast,5,24481,24481,1.0,100.0,0.7666666666666667,0.6842105263157895,0.7666666666666667,0.6842105263157895,0.7666666666666667,0.6842105263157895,0.7666666666666667,0.6842105263157895,0.0,0.0,0.0,0.0,0.0,0.0
Breast,1,24481,22033,0.9,90.0,0.615,0.55,0.63,0.55,0.63,0.55,0.63,0.55,0.015000000000000013,0.015000000000000013,0.015000000000000013,0.0,0.0,0.0
Breast,2,24481,22033,0.9,90.0,0.9494949494949495,0.85,0.8585858585858586,0.8,0.9242424242424243,0.85,0.8737373737373737,0.8,-0.09090909090909094,-0.025252525252525193,-0.0757575757575758,-0.04999999999999993,0.0,-0.04999999999999993
Breast,3,24481,22033,0.9,90.0,0.6277777777777777,0.5789473684210527,0.6555555555555556,0.5789473684210527,0.611111111111111,0.631578947368421,0.6722222222222222,0.5263157894736842,0.0277777777777779,-0.016666666666666607,0.04444444444444451,0.0,0.05263157894736836,-0.052631578947368474
Breast,4,24481,22033,0.9,90.0,0.8333333333333333,0.8421052631578947,0.8666666666666667,0.7894736842105263,0.8222222222222222,0.7894736842105263,0.8555555555555556,0.7894736842105263,0.03333333333333344,-0.011111111111111072,0.022222222222222365,-0.05263157894736836,-0.05263157894736836,-0.05263157894736836
Breast,5,24481,22033,0.9,90.0,0.7666666666666667,0.6842105263157895,0.7777777777777778,0.6842105263157895,0.8222222222222222,0.6842105263157895,0.8222222222222222,0.7368421052631579,0.011111111111111072,0.05555555555555547,0.05555555555555547,0.0,0.0,0.05263157894736836
Breast,1,24481,19585,0.8,80.0,0.615,0.55,0.61,0.55,0.63,0.55,0.615,0.55,-0.0050000000000000044,0.015000000000000013,0.0,0.0,0.0,0.0
Breast,2,24481,19585,0.8,80.0,0.9494949494949495,0.85,0.898989898989899,0.85,0.8686868686868687,0.8,0.8484848484848485,0.8,-0.0505050505050505,-0.08080808080808077,-0.101010101010101,0.0,-0.04999999999999993,-0.04999999999999993
Breast,3,24481,19585,0.8,80.0,0.6277777777777777,0.5789473684210527,0.6277777777777778,0.631578947368421,0.6444444444444444,0.631578947368421,0.6166666666666667,0.5789473684210527,1.1102230246251565e-16,0.01666666666666672,-0.01111111111111096,0.05263157894736836,0.05263157894736836,0.0
Breast,4,24481,19585,0.8,80.0,0.8333333333333333,0.8421052631578947,0.8333333333333334,0.8421052631578947,0.8333333333333333,0.7368421052631579,0.8333333333333333,0.8421052631578947,1.1102230246251565e-16,0.0,0.0,0.0,-0.10526315789473684,0.0
Breast,5,24481,19585,0.8,80.0,0.7666666666666667,0.6842105263157895,0.8166666666666667,0.7368421052631579,0.7777777777777779,0.631578947368421,0.8111111111111111,0.6842105263157895,0.04999999999999993,0.011111111111111183,0.0444444444444444,0.05263157894736836,-0.052631578947368474,0.0
Breast,1,24481,17137,0.7,70.0,0.615,0.55,0.62,0.5,0.62,0.55,0.62,0.55,0.0050000000000000044,0.0050000000000000044,0.0050000000000000044,-0.050000000000000044,0.0,0.0
Breast,2,24481,17137,0.7,70.0,0.9494949494949495,0.85,0.8535353535353535,0.8,0.898989898989899,0.8,0.898989898989899,0.8,-0.09595959595959602,-0.0505050505050505,-0.0505050505050505,-0.04999999999999993,-0.04999999999999993,-0.04999999999999993
Breast,3,24481,17137,0.7,70.0,0.6277777777777777,0.5789473684210527,0.6222222222222222,0.5263157894736842,0.6222222222222222,0.631578947368421,0.6055555555555555,0.631578947368421,-0.005555555555555425,-0.005555555555555425,-0.022222222222222143,-0.052631578947368474,0.05263157894736836,0.05263157894736836
Breast,4,24481,17137,0.7,70.0,0.8333333333333333,0.8421052631578947,0.7666666666666667,0.6842105263157895,0.8444444444444446,0.7894736842105263,0.8555555555555555,0.7368421052631579,-0.06666666666666654,0.011111111111111294,0.022222222222222254,-0.1578947368421052,-0.05263157894736836,-0.10526315789473684
Breast,5,24481,17137,0.7,70.0,0.7666666666666667,0.6842105263157895,0.7222222222222222,0.631578947368421,0.8111111111111111,0.631578947368421,0.8055555555555556,0.6842105263157895,-0.04444444444444451,0.0444444444444444,0.03888888888888886,-0.052631578947368474,-0.052631578947368474,0.0
Breast,1,24481,14689,0.6,60.0,0.615,0.55,0.62,0.55,0.62,0.5,0.59,0.55,0.0050000000000000044,0.0050000000000000044,-0.025000000000000022,0.0,-0.050000000000000044,0.0
Breast,2,24481,14689,0.6,60.0,0.9494949494949495,0.85,0.8686868686868686,0.8,0.8686868686868687,0.85,0.9191919191919193,0.8,-0.08080808080808088,-0.08080808080808077,-0.030303030303030165,-0.04999999999999993,0.0,-0.04999999999999993
Breast,3,24481,14689,0.6,60.0,0.6277777777777777,0.5789473684210527,0.6277777777777778,0.5789473684210527,0.6222222222222221,0.631578947368421,0.6444444444444444,0.631578947368421,1.1102230246251565e-16,-0.005555555555555536,0.01666666666666672,0.0,0.05263157894736836,0.05263157894736836
Breast,4,24481,14689,0.6,60.0,0.8333333333333333,0.8421052631578947,0.8055555555555556,0.8421052631578947,0.8666666666666667,0.7894736842105263,0.8,0.7368421052631579,-0.02777777777777768,0.03333333333333344,-0.033333333333333215,0.0,-0.05263157894736836,-0.10526315789473684
Breast,5,24481,14689,0.6,60.0,0.7666666666666667,0.6842105263157895,0.7555555555555555,0.631578947368421,0.8111111111111111,0.7368421052631579,0.8,0.631578947368421,-0.011111111111111183,0.0444444444444444,0.033333333333333326,-0.052631578947368474,0.05263157894736836,-0.052631578947368474
Breast,1,24481,12240,0.5,50.0,0.615,0.55,0.6000000000000001,0.55,0.55,0.55,0.59,0.5,-0.014999999999999902,-0.06499999999999995,-0.025000000000000022,0.0,0.0,-0.050000000000000044
Breast,2,24481,12240,0.5,50.0,0.9494949494949495,0.85,0.8686868686868687,0.8,0.8888888888888888,0.9,0.8686868686868687,0.7,-0.08080808080808077,-0.06060606060606066,-0.08080808080808077,-0.04999999999999993,0.050000000000000044,-0.15000000000000002
Breast,3,24481,12240,0.5,50.0,0.6277777777777777,0.5789473684210527,0.6111111111111112,0.5789473684210527,0.611111111111111,0.631578947368421,0.6388888888888888,0.5789473684210527,-0.016666666666666496,-0.016666666666666607,0.011111111111111183,0.0,0.05263157894736836,0.0
Breast,4,24481,12240,0.5,50.0,0.8333333333333333,0.8421052631578947,0.8555555555555556,0.7894736842105263,0.8555555555555556,0.8421052631578947,0.8333333333333334,0.7368421052631579,0.022222222222222365,0.022222222222222365,1.1102230246251565e-16,-0.05263157894736836,0.0,-0.10526315789473684
Breast,5,24481,12240,0.5,50.0,0.7666666666666667,0.6842105263157895,0.7777777777777778,0.631578947368421,0.7666666666666667,0.6842105263157895,0.7833333333333333,0.6842105263157895,0.011111111111111072,0.0,0.016666666666666607,-0.052631578947368474,0.0,0.0
Breast,1,24481,9792,0.4,40.0,0.615,0.55,0.64,0.55,0.6000000000000001,0.55,0.5599999999999999,0.45,0.025000000000000022,-0.014999999999999902,-0.05500000000000005,0.0,0.0,-0.10000000000000003
Breast,2,24481,9792,0.4,40.0,0.9494949494949495,0.85,0.9090909090909091,0.8,0.8686868686868687,0.75,0.9090909090909092,0.85,-0.04040404040404044,-0.08080808080808077,-0.04040404040404033,-0.04999999999999993,-0.09999999999999998,0.0
Breast,3,24481,9792,0.4,40.0,0.6277777777777777,0.5789473684210527,0.6333333333333333,0.5263157894736842,0.6444444444444444,0.631578947368421,0.6333333333333333,0.5789473684210527,0.005555555555555647,0.01666666666666672,0.005555555555555647,-0.052631578947368474,0.05263157894736836,0.0
Breast,4,24481,9792,0.4,40.0,0.8333333333333333,0.8421052631578947,0.8666666666666667,0.7894736842105263,0.8777777777777779,0.7894736842105263,0.8166666666666667,0.7368421052631579,0.03333333333333344,0.04444444444444462,-0.016666666666666607,-0.05263157894736836,-0.05263157894736836,-0.10526315789473684
Breast,5,24481,9792,0.4,40.0,0.7666666666666667,0.6842105263157895,0.7777777777777778,0.631578947368421,0.8222222222222222,0.7368421052631579,0.7777777777777778,0.631578947368421,0.011111111111111072,0.05555555555555547,0.011111111111111072,-0.052631578947368474,0.05263157894736836,-0.052631578947368474
Breast,1,24481,7344,0.3,30.0,0.615,0.55,0.67,0.5,0.63,0.55,0.65,0.6,0.05500000000000005,0.015000000000000013,0.03500000000000003,-0.050000000000000044,0.0,0.04999999999999993
Breast,2,24481,7344,0.3,30.0,0.9494949494949495,0.85,0.9191919191919192,0.85,0.8282828282828283,0.8,0.8737373737373738,0.8,-0.030303030303030276,-0.12121212121212122,-0.07575757575757569,0.0,-0.04999999999999993,-0.04999999999999993
Breast,3,24481,7344,0.3,30.0,0.6277777777777777,0.5789473684210527,0.6444444444444444,0.5789473684210527,0.6555555555555557,0.631578947368421,0.6222222222222222,0.47368421052631576,0.01666666666666672,0.027777777777778012,-0.005555555555555425,0.0,0.05263157894736836,-0.10526315789473689
Breast,4,24481,7344,0.3,30.0,0.8333333333333333,0.8421052631578947,0.8222222222222222,0.8421052631578947,0.8444444444444444,0.7894736842105263,0.8333333333333334,0.8421052631578947,-0.011111111111111072,0.011111111111111183,1.1102230246251565e-16,0.0,-0.05263157894736836,0.0
Breast,5,24481,7344,0.3,30.0,0.7666666666666667,0.6842105263157895,0.7777777777777778,0.6842105263157895,0.7666666666666667,0.631578947368421,0.7777777777777779,0.7368421052631579,0.011111111111111072,0.0,0.011111111111111183,0.0,-0.052631578947368474,0.05263157894736836
Breast,1,24481,4896,0.2,20.0,0.615,0.55,0.63,0.55,0.655,0.5,0.6,0.5,0.015000000000000013,0.040000000000000036,-0.015000000000000013,0.0,-0.050000000000000044,-0.050000000000000044
Breast,2,24481,4896,0.2,20.0,0.9494949494949495,0.85,0.898989898989899,0.8,0.8989898989898989,0.85,0.9292929292929293,0.8,-0.0505050505050505,-0.05050505050505061,-0.02020202020202022,-0.04999999999999993,0.0,-0.04999999999999993
Breast,3,24481,4896,0.2,20.0,0.6277777777777777,0.5789473684210527,0.6444444444444445,0.5263157894736842,0.6444444444444445,0.5789473684210527,0.6500000000000001,0.5789473684210527,0.01666666666666683,0.01666666666666683,0.022222222222222476,-0.052631578947368474,0.0,0.0
Breast,4,24481,4896,0.2,20.0,0.8333333333333333,0.8421052631578947,0.8500000000000001,0.7894736842105263,0.9333333333333333,0.7894736842105263,0.8666666666666667,0.7894736842105263,0.01666666666666683,0.10000000000000009,0.03333333333333344,-0.05263157894736836,-0.05263157894736836,-0.05263157894736836
Breast,5,24481,4896,0.2,20.0,0.7666666666666667,0.6842105263157895,0.7666666666666667,0.6842105263157895,0.7722222222222223,0.631578947368421,0.7777777777777778,0.631578947368421,0.0,0.005555555555555536,0.011111111111111072,0.0,-0.052631578947368474,-0.052631578947368474
Breast,1,24481,2448,0.1,10.0,0.615,0.55,0.69,0.6,0.61,0.55,0.5850000000000001,0.5,0.07499999999999996,-0.0050000000000000044,-0.029999999999999916,0.04999999999999993,0.0,-0.050000000000000044
Breast,2,24481,2448,0.1,10.0,0.9494949494949495,0.85,0.8686868686868687,0.85,0.9090909090909091,0.75,0.8787878787878788,0.8,-0.08080808080808077,-0.04040404040404044,-0.07070707070707072,0.0,-0.09999999999999998,-0.04999999999999993
Breast,3,24481,2448,0.1,10.0,0.6277777777777777,0.5789473684210527,0.6666666666666667,0.5789473684210527,0.5777777777777777,0.5263157894736842,0.611111111111111,0.5789473684210527,0.038888888888889084,-0.04999999999999993,-0.016666666666666607,0.0,-0.052631578947368474,0.0
Breast,4,24481,2448,0.1,10.0,0.8333333333333333,0.8421052631578947,0.8722222222222222,0.8421052631578947,0.8444444444444446,0.8947368421052632,0.8888888888888888,0.8421052631578947,0.03888888888888897,0.011111111111111294,0.05555555555555558,0.0,0.052631578947368474,0.0
Breast,5,24481,2448,0.1,10.0,0.7666666666666667,0.6842105263157895,0.7888888888888889,0.6842105263157895,0.8111111111111111,0.6842105263157895,0.8,0.7368421052631579,0.022222222222222143,0.0444444444444444,0.033333333333333326,0.0,0.0,0.05263157894736836
Breast,1,24481,1224,0.05,5.0,0.615,0.55,0.65,0.55,0.5700000000000001,0.45,0.5499999999999999,0.55,0.03500000000000003,-0.04499999999999993,-0.06500000000000006,0.0,-0.10000000000000003,0.0
Breast,2,24481,1224,0.05,5.0,0.9494949494949495,0.85,0.898989898989899,0.85,0.8383838383838383,0.75,0.9141414141414143,0.85,-0.0505050505050505,-0.11111111111111116,-0.03535353535353525,0.0,-0.09999999999999998,0.0
Breast,3,24481,1224,0.05,5.0,0.6277777777777777,0.5789473684210527,0.6444444444444444,0.5789473684210527,0.6111111111111112,0.5789473684210527,0.6055555555555555,0.631578947368421,0.01666666666666672,-0.016666666666666496,-0.022222222222222143,0.0,0.0,0.05263157894736836
Breast,4,24481,1224,0.05,5.0,0.8333333333333333,0.8421052631578947,0.8333333333333333,0.7894736842105263,0.8444444444444444,0.7894736842105263,0.8888888888888888,0.8947368421052632,0.0,0.011111111111111183,0.05555555555555558,-0.05263157894736836,-0.05263157894736836,0.052631578947368474
Breast,5,24481,1224,0.05,5.0,0.7666666666666667,0.6842105263157895,0.8333333333333333,0.631578947368421,0.8111111111111111,0.6842105263157895,0.688888888888889,0.631578947368421,0.06666666666666654,0.0444444444444444,-0.07777777777777772,-0.052631578947368474,0.0,-0.052631578947368474
madelon,1,500,500,1.0,100.0,0.7570118343195266,0.6884615384615385,0.7570118343195266,0.6884615384615385,0.7570118343195266,0.6884615384615385,0.7570118343195266,0.6884615384615385,0.0,0.0,0.0,0.0,0.0,0.0
madelon,2,500,500,1.0,100.0,0.7416124260355029,0.6673076923076923,0.7416124260355029,0.6673076923076923,0.7416124260355029,0.6673076923076923,0.7416124260355029,0.6673076923076923,0.0,0.0,0.0,0.0,0.0,0.0
madelon,3,500,500,1.0,100.0,0.7916568047337278,0.7173076923076923,0.7916568047337278,0.7173076923076923,0.7916568047337278,0.7173076923076923,0.7916568047337278,0.7173076923076923,0.0,0.0,0.0,0.0,0.0,0.0
madelon,4,500,500,1.0,100.0,0.78801775147929,0.7288461538461538,0.78801775147929,0.7288461538461538,0.78801775147929,0.7288461538461538,0.78801775147929,0.7288461538461538,0.0,0.0,0.0,0.0,0.0,0.0
madelon,5,500,500,1.0,100.0,0.7575221893491124,0.6942307692307692,0.7575221893491124,0.6942307692307692,0.7575221893491124,0.6942307692307692,0.7575221893491124,0.6942307692307692,0.0,0.0,0.0,0.0,0.0,0.0
madelon,1,500,450,0.9,90.0,0.7570118343195266,0.6884615384615385,0.7663091715976331,0.6903846153846154,0.7642529585798815,0.6942307692307692,0.7424038461538461,0.6673076923076923,0.009297337278106554,0.0072411242603549475,-0.01460798816568043,0.0019230769230769162,0.005769230769230749,-0.02115384615384619
madelon,2,500,450,0.9,90.0,0.7416124260355029,0.6673076923076923,0.7505547337278107,0.6788461538461539,0.7509097633136094,0.675,0.742758875739645,0.6653846153846154,0.00894230769230775,0.009297337278106443,0.0011464497041421273,0.011538461538461608,0.007692307692307776,-0.0019230769230769162
madelon,3,500,450,0.9,90.0,0.7916568047337278,0.7173076923076923,0.787707100591716,0.7076923076923077,0.7879215976331361,0.725,0.7894600591715977,0.7192307692307692,-0.0039497041420117895,-0.00373520710059172,-0.00219674556213012,-0.009615384615384581,0.007692307692307665,0.0019230769230769162
madelon,4,500,450,0.9,90.0,0.78801775147929,0.7288461538461538,0.7893565088757396,0.7115384615384616,0.8011316568047336,0.7134615384615385,0.8029437869822486,0.725,0.001338757396449619,0.013113905325443653,0.014926035502958568,-0.017307692307692246,-0.01538461538461533,-0.0038461538461538325
madelon,5,500,450,0.9,90.0,0.7575221893491124,0.6942307692307692,0.761826923076923,0.6788461538461539,0.7557100591715976,0.6692307692307692,0.7588757396449702,0.6711538461538461,0.004304733727810595,-0.0018121301775148035,0.0013535502958578194,-0.01538461538461533,-0.025000000000000022,-0.023076923076923106
madelon,1,500,400,0.8,80.0,0.7570118343195266,0.6884615384615385,0.7652958579881657,0.7057692307692308,0.7720192307692307,0.7019230769230769,0.7487426035502959,0.6673076923076923,0.008284023668639118,0.015007396449704169,-0.008269230769230695,0.017307692307692357,0.013461538461538414,-0.02115384615384619
madelon,2,500,400,0.8,80.0,0.7416124260355029,0.6673076923076923,0.7589718934911243,0.6711538461538461,0.7556286982248521,0.6846153846153846,0.7489940828402366,0.65,0.017359467455621336,0.0140162721893492,0.007381656804733683,0.0038461538461538325,0.017307692307692357,-0.017307692307692246
madelon,3,500,400,0.8,80.0,0.7916568047337278,0.7173076923076923,0.7851627218934911,0.7038461538461539,0.7976775147928994,0.7211538461538461,0.771301775147929,0.698076923076923,-0.00649408284023667,0.006020710059171597,-0.020355029585798823,-0.013461538461538414,0.0038461538461538325,-0.019230769230769273
madelon,4,500,400,0.8,80.0,0.78801775147929,0.7288461538461538,0.8147633136094674,0.7269230769230769,0.8065532544378698,0.7211538461538461,0.7982618343195267,0.7096153846153846,0.026745562130177425,0.018535502958579864,0.010244082840236701,-0.0019230769230769162,-0.007692307692307665,-0.019230769230769162
madelon,5,500,400,0.8,80.0,0.7575221893491124,0.6942307692307692,0.7752588757396449,0.6923076923076923,0.775414201183432,0.6884615384615385,0.7695931952662722,0.6653846153846154,0.017736686390532497,0.017892011834319543,0.012071005917159816,-0.0019230769230769162,-0.005769230769230749,-0.028846153846153855
madelon,1,500,350,0.7,70.0,0.7570118343195266,0.6884615384615385,0.7643269230769232,0.6846153846153846,0.7859541420118343,0.7115384615384616,0.7284467455621302,0.6596153846153846,0.007315088757396615,0.028942307692307767,-0.028565088757396384,-0.0038461538461538325,0.023076923076923106,-0.028846153846153855
madelon,2,500,350,0.7,70.0,0.7416124260355029,0.6673076923076923,0.7723150887573965,0.676923076923077,0.7338535502958579,0.6692307692307692,0.718853550295858,0.6596153846153846,0.030702662721893592,-0.007758875739645066,-0.022758875739644968,0.009615384615384692,0.0019230769230769162,-0.007692307692307665
madelon,3,500,350,0.7,70.0,0.7916568047337278,0.7173076923076923,0.8008505917159763,0.7096153846153846,0.8105991124260354,0.75,0.7667899408284025,0.6807692307692308,0.009193786982248486,0.018942307692307647,-0.02486686390532533,-0.007692307692307665,0.03269230769230769,-0.03653846153846152
madelon,4,500,350,0.7,70.0,0.78801775147929,0.7288461538461538,0.8040606508875741,0.7096153846153846,0.797758875739645,0.7307692307692307,0.8092529585798817,0.7192307692307692,0.016042899408284073,0.009741124260355005,0.02123520710059168,-0.019230769230769162,0.0019230769230769162,-0.009615384615384581
madelon,5,500,350,0.7,70.0,0.7575221893491124,0.6942307692307692,0.7957100591715975,0.7057692307692308,0.7890532544378697,0.7,0.7577366863905326,0.6788461538461539,0.03818786982248512,0.03153106508875725,0.00021449704142018078,0.011538461538461608,0.005769230769230749,-0.01538461538461533
madelon,1,500,300,0.6,60.0,0.7570118343195266,0.6884615384615385,0.7948224852071006,0.7134615384615385,0.7848076923076923,0.7038461538461539,0.7442307692307693,0.6807692307692308,0.03781065088757407,0.02779585798816575,-0.012781065088757315,0.025000000000000022,0.015384615384615441,-0.007692307692307665
madelon,2,500,300,0.6,60.0,0.7416124260355029,0.6673076923076923,0.7846153846153846,0.7134615384615385,0.746775147928994,0.6634615384615384,0.7445857988165681,0.6673076923076923,0.04300295857988168,0.005162721893491096,0.002973372781065131,0.04615384615384621,-0.0038461538461538325,0.0
madelon,3,500,300,0.6,60.0,0.7916568047337278,0.7173076923076923,0.8145192307692308,0.7423076923076923,0.8202662721893491,0.7403846153846154,0.7515754437869823,0.676923076923077,0.022862426035503036,0.028609467455621318,-0.040081360946745526,0.025000000000000022,0.023076923076923106,-0.04038461538461535
madelon,4,500,300,0.6,60.0,0.78801775147929,0.7288461538461538,0.8282988165680474,0.7307692307692307,0.8287721893491126,0.7480769230769231,0.8051923076923077,0.7346153846153847,0.040281065088757395,0.04075443786982258,0.017174556213017667,0.0019230769230769162,0.019230769230769273,0.00576923076923086
madelon,5,500,300,0.6,60.0,0.7575221893491124,0.6942307692307692,0.809112426035503,0.7192307692307692,0.8109763313609468,0.7096153846153846,0.7656508875739645,0.676923076923077,0.05159023668639062,0.053454142011834405,0.008128698224852071,0.025000000000000022,0.015384615384615441,-0.017307692307692246
madelon,1,500,250,0.5,50.0,0.7570118343195266,0.6884615384615385,0.8076923076923077,0.7307692307692307,0.801723372781065,0.7153846153846154,0.7341346153846154,0.6653846153846154,0.05068047337278114,0.044711538461538414,-0.022877218934911125,0.04230769230769227,0.02692307692307694,-0.023076923076923106
madelon,2,500,250,0.5,50.0,0.7416124260355029,0.6673076923076923,0.7873594674556214,0.7173076923076923,0.7688979289940827,0.6903846153846154,0.7487352071005917,0.6730769230769231,0.04574704142011843,0.027285502958579788,0.00712278106508879,0.050000000000000044,0.023076923076923106,0.00576923076923086
madelon,3,500,250,0.5,50.0,0.7916568047337278,0.7173076923076923,0.8247041420118344,0.7423076923076923,0.8049260355029586,0.7384615384615385,0.7666863905325443,0.6865384615384615,0.0330473372781066,0.013269230769230811,-0.02497041420118351,0.025000000000000022,0.02115384615384619,-0.03076923076923077
madelon,4,500,250,0.5,50.0,0.78801775147929,0.7288461538461538,0.8438683431952662,0.7519230769230769,0.8246523668639052,0.7480769230769231,0.7903550295857988,0.7096153846153846,0.05585059171597617,0.03663461538461521,0.0023372781065088555,0.023076923076923106,0.019230769230769273,-0.019230769230769162
madelon,5,500,250,0.5,50.0,0.7575221893491124,0.6942307692307692,0.8155399408284024,0.7211538461538461,0.8190014792899408,0.7288461538461538,0.7597559171597633,0.6692307692307692,0.05801775147929,0.06147928994082841,0.0022337278106508984,0.02692307692307694,0.0346153846153846,-0.025000000000000022
madelon,1,500,200,0.4,40.0,0.7570118343195266,0.6884615384615385,0.8332840236686391,0.7538461538461538,0.8271597633136095,0.75,0.6837278106508876,0.6211538461538462,0.0762721893491125,0.07014792899408295,-0.07328402366863895,0.06538461538461537,0.06153846153846154,-0.06730769230769229
madelon,2,500,200,0.4,40.0,0.7416124260355029,0.6673076923076923,0.8152218934911243,0.7461538461538462,0.7666272189349113,0.6903846153846154,0.7269600591715976,0.6442307692307693,0.07360946745562136,0.025014792899408334,-0.014652366863905364,0.0788461538461539,0.023076923076923106,-0.023076923076922995
madelon,3,500,200,0.4,40.0,0.7916568047337278,0.7173076923076923,0.859423076923077,0.7730769230769231,0.7968565088757397,0.7192307692307692,0.7965976331360947,0.7269230769230769,0.06776627218934916,0.005199704142011874,0.00494082840236687,0.05576923076923079,0.0019230769230769162,0.009615384615384581
madelon,4,500,200,0.4,40.0,0.78801775147929,0.7288461538461538,0.8628254437869822,0.7826923076923077,0.8397115384615386,0.7576923076923077,0.7448224852071006,0.676923076923077,0.07480769230769224,0.05169378698224858,-0.04319526627218939,0.05384615384615388,0.028846153846153855,-0.05192307692307685
madelon,5,500,200,0.4,40.0,0.7575221893491124,0.6942307692307692,0.8465532544378698,0.7519230769230769,0.8214423076923077,0.7365384615384616,0.7750887573964498,0.6865384615384615,0.08903106508875736,0.06392011834319533,0.01756656804733736,0.05769230769230771,0.04230769230769238,-0.007692307692307665
madelon,1,500,150,0.3,30.0,0.7570118343195266,0.6884615384615385,0.8735946745562131,0.7942307692307692,0.8451183431952662,0.775,0.735784023668639,0.6884615384615385,0.11658284023668652,0.08810650887573968,-0.021227810650887524,0.10576923076923073,0.08653846153846156,0.0
madelon,2,500,150,0.3,30.0,0.7416124260355029,0.6673076923076923,0.8413461538461539,0.7673076923076924,0.7861168639053255,0.6942307692307692,0.7394156804733727,0.675,0.09973372781065093,0.04450443786982261,-0.002196745562130231,0.10000000000000009,0.02692307692307694,0.007692307692307776
madelon,3,500,150,0.3,30.0,0.7916568047337278,0.7173076923076923,0.8756360946745563,0.7903846153846154,0.8411834319526628,0.7596153846153846,0.7619008875739645,0.7,0.08397928994082848,0.04952662721893497,-0.029755917159763334,0.07307692307692304,0.04230769230769227,-0.017307692307692357
madelon,4,500,150,0.3,30.0,0.78801775147929,0.7288461538461538,0.8832692307692308,0.7826923076923077,0.854423076923077,0.7557692307692307,0.74375,0.6673076923076923,0.09525147928994082,0.06640532544378697,-0.04426775147928996,0.05384615384615388,0.02692307692307694,-0.06153846153846154
madelon,5,500,150,0.3,30.0,0.7575221893491124,0.6942307692307692,0.8601183431952664,0.7692307692307693,0.8363609467455622,0.7442307692307693,0.7133357988165681,0.6461538461538462,0.10259615384615395,0.07883875739644974,-0.04418639053254436,0.07500000000000007,0.050000000000000044,-0.04807692307692302
madelon,1,500,100,0.2,20.0,0.7570118343195266,0.6884615384615385,0.9080843195266273,0.8269230769230769,0.8908431952662723,0.8288461538461539,0.7599260355029586,0.6961538461538461,0.1510724852071007,0.13383136094674575,0.002914201183431997,0.1384615384615384,0.14038461538461544,0.007692307692307665
madelon,2,500,100,0.2,20.0,0.7416124260355029,0.6673076923076923,0.8783579881656804,0.7884615384615384,0.8087056213017753,0.7269230769230769,0.7136686390532544,0.6384615384615384,0.13674556213017752,0.06709319526627233,-0.02794378698224853,0.12115384615384617,0.059615384615384626,-0.028846153846153855
madelon,3,500,100,0.2,20.0,0.7916568047337278,0.7173076923076923,0.9034837278106509,0.8269230769230769,0.8719082840236687,0.7730769230769231,0.7727366863905325,0.6942307692307692,0.1118269230769231,0.08025147928994092,-0.01892011834319529,0.10961538461538456,0.05576923076923079,-0.023076923076923106
madelon,4,500,100,0.2,20.0,0.78801775147929,0.7288461538461538,0.913594674556213,0.823076923076923,0.8905473372781064,0.7903846153846154,0.7411538461538462,0.675,0.12557692307692303,0.10252958579881644,-0.04686390532544382,0.09423076923076923,0.06153846153846154,-0.053846153846153766
madelon,5,500,100,0.2,20.0,0.7575221893491124,0.6942307692307692,0.9071523668639053,0.8288461538461539,0.812189349112426,0.7057692307692308,0.6834097633136094,0.6442307692307693,0.1496301775147929,0.0546671597633136,-0.07411242603550305,0.1346153846153847,0.011538461538461608,-0.04999999999999993
madelon,1,500,50,0.1,10.0,0.7570118343195266,0.6884615384615385,0.9385059171597634,0.8826923076923077,0.8618786982248521,0.7903846153846154,0.7378328402366864,0.6730769230769231,0.18149408284023683,0.10486686390532551,-0.019178994082840184,0.1942307692307692,0.1019230769230769,-0.01538461538461533
madelon,2,500,50,0.1,10.0,0.7416124260355029,0.6673076923076923,0.9196227810650888,0.8480769230769231,0.852026627218935,0.7653846153846153,0.5899186390532544,0.573076923076923,0.17801035502958584,0.11041420118343204,-0.15169378698224856,0.1807692307692308,0.09807692307692306,-0.09423076923076923
madelon,3,500,50,0.1,10.0,0.7916568047337278,0.7173076923076923,0.9424334319526628,0.8615384615384616,0.9101701183431954,0.8423076923076923,0.6771079881656805,0.6403846153846153,0.15077662721893503,0.1185133136094676,-0.11454881656804727,0.14423076923076927,0.125,-0.07692307692307698
madelon,4,500,50,0.1,10.0,0.78801775147929,0.7288461538461538,0.9418565088757397,0.8653846153846154,0.9231286982248521,0.8346153846153846,0.7362721893491123,0.6653846153846154,0.1538387573964497,0.13511094674556212,-0.05174556213017767,0.1365384615384616,0.10576923076923084,-0.06346153846153846
madelon,5,500,50,0.1,10.0,0.7575221893491124,0.6942307692307692,0.945406804733728,0.8788461538461538,0.8936686390532543,0.8115384615384615,0.6550665680473373,0.6288461538461538,0.18788461538461554,0.13614644970414191,-0.1024556213017751,0.18461538461538463,0.11730769230769234,-0.06538461538461537
madelon,1,500,25,0.05,5.0,0.7570118343195266,0.6884615384615385,0.9606804733727812,0.9,0.9166715976331362,0.8480769230769231,0.6120710059171598,0.575,0.2036686390532546,0.15965976331360965,-0.14494082840236677,0.21153846153846156,0.1596153846153846,-0.1134615384615385
madelon,2,500,25,0.05,5.0,0.7416124260355029,0.6673076923076923,0.9483136094674556,0.8769230769230769,0.8572411242603549,0.7653846153846153,0.49586538461538465,0.49423076923076925,0.20670118343195265,0.115628698224852,-0.24574704142011827,0.20961538461538465,0.09807692307692306,-0.17307692307692302
madelon,3,500,25,0.05,5.0,0.7916568047337278,0.7173076923076923,0.9621079881656807,0.9019230769230769,0.943897928994083,0.875,0.7265532544378698,0.6576923076923077,0.17045118343195287,0.1522411242603552,-0.06510355029585801,0.18461538461538463,0.1576923076923077,-0.059615384615384626
madelon,4,500,25,0.05,5.0,0.78801775147929,0.7288461538461538,0.9609097633136094,0.8903846153846153,0.9205621301775148,0.8326923076923077,0.6868343195266272,0.6480769230769231,0.17289201183431946,0.13254437869822477,-0.10118343195266277,0.16153846153846152,0.10384615384615392,-0.0807692307692307
madelon,5,500,25,0.05,5.0,0.7575221893491124,0.6942307692307692,0.9652662721893491,0.9115384615384615,0.9066863905325444,0.8423076923076923,0.6041789940828403,0.5788461538461539,0.2077440828402367,0.149164201183432,-0.15334319526627216,0.2173076923076923,0.1480769230769231,-0.11538461538461531
SMK-CAN-187,1,19993,19993,1.0,100.0,0.8680555555555556,0.7631578947368421,0.8680555555555556,0.7631578947368421,0.8680555555555556,0.7631578947368421,0.8680555555555556,0.7631578947368421,0.0,0.0,0.0,0.0,0.0,0.0
SMK-CAN-187,2,19993,19993,1.0,100.0,0.7736111111111111,0.7368421052631579,0.7736111111111111,0.7368421052631579,0.7736111111111111,0.7368421052631579,0.7736111111111111,0.7368421052631579,0.0,0.0,0.0,0.0,0.0,0.0
SMK-CAN-187,3,19993,19993,1.0,100.0,0.7090643274853802,0.7027027027027027,0.7090643274853802,0.7027027027027027,0.7090643274853802,0.7027027027027027,0.7090643274853802,0.7027027027027027,0.0,0.0,0.0,0.0,0.0,0.0
SMK-CAN-187,4,19993,19993,1.0,100.0,0.7631578947368421,0.6756756756756757,0.7631578947368421,0.6756756756756757,0.7631578947368421,0.6756756756756757,0.7631578947368421,0.6756756756756757,0.0,0.0,0.0,0.0,0.0,0.0
SMK-CAN-187,5,19993,19993,1.0,100.0,0.6242690058479532,0.5405405405405406,0.6242690058479532,0.5405405405405406,0.6242690058479532,0.5405405405405406,0.6242690058479532,0.5405405405405406,0.0,0.0,0.0,0.0,0.0,0.0
SMK-CAN-187,1,19993,17994,0.9,90.0,0.8680555555555556,0.7631578947368421,0.8819444444444445,0.8157894736842105,0.8694444444444444,0.7894736842105263,0.8638888888888889,0.7368421052631579,0.01388888888888895,0.001388888888888773,-0.004166666666666652,0.05263157894736836,0.02631578947368418,-0.026315789473684292
SMK-CAN-187,2,19993,17994,0.9,90.0,0.7736111111111111,0.7368421052631579,0.7986111111111112,0.7368421052631579,0.7763888888888889,0.7368421052631579,0.776388888888889,0.7631578947368421,0.025000000000000022,0.002777777777777768,0.002777777777777879,0.0,0.0,0.026315789473684292
SMK-CAN-187,3,19993,17994,0.9,90.0,0.7090643274853802,0.7027027027027027,0.6929824561403508,0.7027027027027027,0.6900584795321638,0.6756756756756757,0.7119883040935672,0.7027027027027027,-0.016081871345029364,-0.01900584795321636,0.0029239766081869956,0.0,-0.027027027027027084,0.0
SMK-CAN-187,4,19993,17994,0.9,90.0,0.7631578947368421,0.6756756756756757,0.7763157894736842,0.7027027027027027,0.7850877192982456,0.7027027027027027,0.7573099415204678,0.6756756756756757,0.013157894736842035,0.021929824561403466,-0.005847953216374324,0.027027027027027084,0.027027027027027084,0.0
SMK-CAN-187,5,19993,17994,0.9,90.0,0.6242690058479532,0.5405405405405406,0.6257309941520468,0.5135135135135135,0.6505847953216375,0.5405405405405406,0.6257309941520468,0.5135135135135135,0.0014619883040936088,0.026315789473684292,0.0014619883040936088,-0.027027027027027084,0.0,-0.027027027027027084
SMK-CAN-187,1,19993,15994,0.8,80.0,0.8680555555555556,0.7631578947368421,0.8708333333333333,0.8157894736842105,0.8652777777777777,0.8157894736842105,0.8777777777777778,0.7894736842105263,0.002777777777777768,-0.002777777777777879,0.009722222222222188,0.05263157894736836,0.05263157894736836,0.02631578947368418
SMK-CAN-187,2,19993,15994,0.8,80.0,0.7736111111111111,0.7368421052631579,0.8041666666666666,0.7368421052631579,0.7847222222222223,0.7368421052631579,0.8041666666666667,0.7105263157894737,0.030555555555555447,0.011111111111111183,0.030555555555555558,0.0,0.0,-0.02631578947368418
SMK-CAN-187,3,19993,15994,0.8,80.0,0.7090643274853802,0.7027027027027027,0.6885964912280702,0.6756756756756757,0.7134502923976608,0.7027027027027027,0.685672514619883,0.6486486486486487,-0.020467836257309968,0.004385964912280604,-0.023391812865497186,-0.027027027027027084,0.0,-0.05405405405405406
SMK-CAN-187,4,19993,15994,0.8,80.0,0.7631578947368421,0.6756756756756757,0.7587719298245614,0.7027027027027027,0.7894736842105263,0.7567567567567568,0.7777777777777778,0.7027027027027027,-0.004385964912280715,0.02631578947368418,0.014619883040935644,0.027027027027027084,0.08108108108108114,0.027027027027027084
SMK-CAN-187,5,19993,15994,0.8,80.0,0.6242690058479532,0.5405405405405406,0.6345029239766081,0.5405405405405406,0.6242690058479532,0.5405405405405406,0.6271929824561404,0.5675675675675675,0.010233918128654929,0.0,0.0029239766081872176,0.0,0.0,0.027027027027026973
SMK-CAN-187,1,19993,13995,0.7,70.0,0.8680555555555556,0.7631578947368421,0.8861111111111111,0.8157894736842105,0.8791666666666667,0.7894736842105263,0.8750000000000001,0.7368421052631579,0.01805555555555549,0.011111111111111072,0.006944444444444531,0.05263157894736836,0.02631578947368418,-0.026315789473684292
SMK-CAN-187,2,19993,13995,0.7,70.0,0.7736111111111111,0.7368421052631579,0.7861111111111112,0.7631578947368421,0.7694444444444444,0.7368421052631579,0.8041666666666667,0.7368421052631579,0.012500000000000067,-0.004166666666666763,0.030555555555555558,0.026315789473684292,0.0,0.0
SMK-CAN-187,3,19993,13995,0.7,70.0,0.7090643274853802,0.7027027027027027,0.7105263157894737,0.6756756756756757,0.7266081871345029,0.7297297297297297,0.7222222222222222,0.7027027027027027,0.0014619883040934978,0.01754385964912275,0.013157894736842035,-0.027027027027027084,0.027027027027026973,0.0
SMK-CAN-187,4,19993,13995,0.7,70.0,0.7631578947368421,0.6756756756756757,0.7646198830409356,0.6756756756756757,0.7675438596491229,0.7297297297297297,0.7631578947368421,0.6756756756756757,0.0014619883040934978,0.004385964912280715,0.0,0.0,0.05405405405405406,0.0
SMK-CAN-187,5,19993,13995,0.7,70.0,0.6242690058479532,0.5405405405405406,0.6301169590643274,0.5405405405405406,0.5964912280701754,0.5405405405405406,0.6432748538011697,0.5405405405405406,0.005847953216374213,-0.02777777777777779,0.01900584795321647,0.0,0.0,0.0
SMK-CAN-187,1,19993,11996,0.6,60.0,0.8680555555555556,0.7631578947368421,0.8930555555555556,0.8157894736842105,0.8986111111111111,0.7894736842105263,0.8694444444444445,0.7894736842105263,0.025000000000000022,0.030555555555555558,0.001388888888888884,0.05263157894736836,0.02631578947368418,0.02631578947368418
SMK-CAN-187,2,19993,11996,0.6,60.0,0.7736111111111111,0.7368421052631579,0.7680555555555555,0.7368421052631579,0.7958333333333333,0.7631578947368421,0.7833333333333333,0.7105263157894737,-0.005555555555555647,0.022222222222222143,0.009722222222222188,0.0,0.026315789473684292,-0.02631578947368418
SMK-CAN-187,3,19993,11996,0.6,60.0,0.7090643274853802,0.7027027027027027,0.7134502923976609,0.6486486486486487,0.7134502923976608,0.6756756756756757,0.6798245614035088,0.6756756756756757,0.004385964912280715,0.004385964912280604,-0.0292397660818714,-0.05405405405405406,-0.027027027027027084,-0.027027027027027084
SMK-CAN-187,4,19993,11996,0.6,60.0,0.7631578947368421,0.6756756756756757,0.7646198830409355,0.7027027027027027,0.7543859649122807,0.6756756756756757,0.7733918128654971,0.6756756756756757,0.0014619883040933868,-0.00877192982456143,0.010233918128654929,0.027027027027027084,0.0,0.0
SMK-CAN-187,5,19993,11996,0.6,60.0,0.6242690058479532,0.5405405405405406,0.6228070175438596,0.5405405405405406,0.631578947368421,0.5135135135135135,0.621345029239766,0.5405405405405406,-0.0014619883040936088,0.007309941520467822,-0.0029239766081872176,0.0,-0.027027027027027084,0.0
SMK-CAN-187,1,19993,9996,0.5,50.0,0.8680555555555556,0.7631578947368421,0.8777777777777779,0.7631578947368421,0.8875000000000001,0.7894736842105263,0.875,0.7631578947368421,0.009722222222222299,0.019444444444444486,0.00694444444444442,0.0,0.02631578947368418,0.0
SMK-CAN-187,2,19993,9996,0.5,50.0,0.7736111111111111,0.7368421052631579,0.7805555555555557,0.7631578947368421,0.7972222222222223,0.7631578947368421,0.8111111111111111,0.7368421052631579,0.006944444444444531,0.023611111111111138,0.03749999999999998,0.026315789473684292,0.026315789473684292,0.0
SMK-CAN-187,3,19993,9996,0.5,50.0,0.7090643274853802,0.7027027027027027,0.695906432748538,0.6756756756756757,0.7017543859649122,0.6756756756756757,0.6798245614035087,0.6486486486486487,-0.013157894736842146,-0.007309941520467933,-0.02923976608187151,-0.027027027027027084,-0.027027027027027084,-0.05405405405405406
SMK-CAN-187,4,19993,9996,0.5,50.0,0.7631578947368421,0.6756756756756757,0.7704678362573099,0.7297297297297297,0.7587719298245614,0.7297297297297297,0.7660818713450293,0.6756756756756757,0.007309941520467711,-0.004385964912280715,0.0029239766081871066,0.05405405405405406,0.05405405405405406,0.0
SMK-CAN-187,5,19993,9996,0.5,50.0,0.6242690058479532,0.5405405405405406,0.6111111111111112,0.5405405405405406,0.6169590643274854,0.5675675675675675,0.6228070175438596,0.5405405405405406,-0.013157894736842035,-0.007309941520467822,-0.0014619883040936088,0.0,0.027027027027026973,0.0
SMK-CAN-187,1,19993,7997,0.4,40.0,0.8680555555555556,0.7631578947368421,0.8875,0.7894736842105263,0.8763888888888889,0.7631578947368421,0.8902777777777777,0.7631578947368421,0.019444444444444375,0.008333333333333304,0.022222222222222143,0.02631578947368418,0.0,0.0
SMK-CAN-187,2,19993,7997,0.4,40.0,0.7736111111111111,0.7368421052631579,0.7875,0.7368421052631579,0.7805555555555556,0.7631578947368421,0.7930555555555556,0.7631578947368421,0.01388888888888884,0.00694444444444442,0.019444444444444486,0.0,0.026315789473684292,0.026315789473684292
SMK-CAN-187,3,19993,7997,0.4,40.0,0.7090643274853802,0.7027027027027027,0.6973684210526315,0.6756756756756757,0.6988304093567252,0.7027027027027027,0.7207602339181286,0.6756756756756757,-0.011695906432748648,-0.010233918128654929,0.011695906432748426,-0.027027027027027084,0.0,-0.027027027027027084
SMK-CAN-187,4,19993,7997,0.4,40.0,0.7631578947368421,0.6756756756756757,0.7558479532163742,0.7027027027027027,0.7748538011695907,0.7027027027027027,0.77046783625731,0.6756756756756757,-0.007309941520467933,0.011695906432748537,0.007309941520467822,0.027027027027027084,0.027027027027027084,0.0
SMK-CAN-187,5,19993,7997,0.4,40.0,0.6242690058479532,0.5405405405405406,0.6374269005847953,0.5675675675675675,0.6242690058479532,0.5405405405405406,0.618421052631579,0.5135135135135135,0.013157894736842146,0.0,-0.005847953216374213,0.027027027027026973,0.0,-0.027027027027027084
SMK-CAN-187,1,19993,5998,0.3,30.0,0.8680555555555556,0.7631578947368421,0.8986111111111111,0.8157894736842105,0.8763888888888889,0.7894736842105263,0.8597222222222223,0.7894736842105263,0.030555555555555558,0.008333333333333304,-0.008333333333333304,0.05263157894736836,0.02631578947368418,0.02631578947368418
SMK-CAN-187,2,19993,5998,0.3,30.0,0.7736111111111111,0.7368421052631579,0.7944444444444445,0.7368421052631579,0.7777777777777778,0.7368421052631579,0.7930555555555556,0.7105263157894737,0.02083333333333337,0.004166666666666652,0.019444444444444486,0.0,0.0,-0.02631578947368418
SMK-CAN-187,3,19993,5998,0.3,30.0,0.7090643274853802,0.7027027027027027,0.695906432748538,0.6756756756756757,0.695906432748538,0.6756756756756757,0.6871345029239766,0.6486486486486487,-0.013157894736842146,-0.013157894736842146,-0.021929824561403577,-0.027027027027027084,-0.027027027027027084,-0.05405405405405406
SMK-CAN-187,4,19993,5998,0.3,30.0,0.7631578947368421,0.6756756756756757,0.7690058479532164,0.7027027027027027,0.7719298245614035,0.7027027027027027,0.7690058479532164,0.7027027027027027,0.005847953216374213,0.00877192982456132,0.005847953216374213,0.027027027027027084,0.027027027027027084,0.027027027027027084
SMK-CAN-187,5,19993,5998,0.3,30.0,0.6242690058479532,0.5405405405405406,0.6140350877192984,0.5945945945945946,0.6198830409356725,0.5675675675675675,0.6154970760233918,0.5405405405405406,-0.010233918128654818,-0.004385964912280715,-0.00877192982456143,0.05405405405405406,0.027027027027026973,0.0
SMK-CAN-187,1,19993,3999,0.2,20.0,0.8680555555555556,0.7631578947368421,0.8916666666666667,0.7894736842105263,0.8763888888888889,0.7631578947368421,0.8875000000000001,0.7894736842105263,0.023611111111111138,0.008333333333333304,0.019444444444444486,0.02631578947368418,0.0,0.02631578947368418
SMK-CAN-187,2,19993,3999,0.2,20.0,0.7736111111111111,0.7368421052631579,0.8027777777777778,0.7631578947368421,0.7930555555555556,0.7105263157894737,0.8041666666666667,0.7105263157894737,0.029166666666666674,0.019444444444444486,0.030555555555555558,0.026315789473684292,-0.02631578947368418,-0.02631578947368418
SMK-CAN-187,3,19993,3999,0.2,20.0,0.7090643274853802,0.7027027027027027,0.6871345029239766,0.7027027027027027,0.6842105263157895,0.6216216216216216,0.7105263157894737,0.7027027027027027,-0.021929824561403577,-0.024853801169590684,0.0014619883040934978,0.0,-0.08108108108108114,0.0
SMK-CAN-187,4,19993,3999,0.2,20.0,0.7631578947368421,0.6756756756756757,0.760233918128655,0.7027027027027027,0.7529239766081871,0.7297297297297297,0.7777777777777778,0.7027027027027027,-0.0029239766081871066,-0.01023391812865504,0.014619883040935644,0.027027027027027084,0.05405405405405406,0.027027027027027084
SMK-CAN-187,5,19993,3999,0.2,20.0,0.6242690058479532,0.5405405405405406,0.6169590643274854,0.5405405405405406,0.6286549707602339,0.5675675675675675,0.6286549707602339,0.5405405405405406,-0.007309941520467822,0.004385964912280715,0.004385964912280715,0.0,0.027027027027026973,0.0
SMK-CAN-187,1,19993,1999,0.1,10.0,0.8680555555555556,0.7631578947368421,0.8861111111111111,0.8157894736842105,0.8944444444444445,0.8157894736842105,0.8541666666666666,0.8157894736842105,0.01805555555555549,0.026388888888888906,-0.01388888888888895,0.05263157894736836,0.05263157894736836,0.05263157894736836
SMK-CAN-187,2,19993,1999,0.1,10.0,0.7736111111111111,0.7368421052631579,0.8027777777777778,0.7631578947368421,0.7722222222222223,0.6842105263157895,0.7916666666666666,0.7368421052631579,0.029166666666666674,-0.001388888888888884,0.01805555555555549,0.026315789473684292,-0.05263157894736836,0.0
SMK-CAN-187,3,19993,1999,0.1,10.0,0.7090643274853802,0.7027027027027027,0.6929824561403508,0.6756756756756757,0.6710526315789473,0.6486486486486487,0.685672514619883,0.7027027027027027,-0.016081871345029364,-0.03801169590643283,-0.023391812865497186,-0.027027027027027084,-0.05405405405405406,0.0
SMK-CAN-187,4,19993,1999,0.1,10.0,0.7631578947368421,0.6756756756756757,0.7631578947368421,0.7567567567567568,0.7616959064327485,0.6756756756756757,0.7880116959064327,0.7567567567567568,0.0,-0.0014619883040936088,0.024853801169590573,0.08108108108108114,0.0,0.08108108108108114
SMK-CAN-187,5,19993,1999,0.1,10.0,0.6242690058479532,0.5405405405405406,0.6257309941520468,0.5405405405405406,0.631578947368421,0.5405405405405406,0.6403508771929824,0.5675675675675675,0.0014619883040936088,0.007309941520467822,0.016081871345029253,0.0,0.0,0.027027027027026973
SMK-CAN-187,1,19993,1000,0.05,5.0,0.8680555555555556,0.7631578947368421,0.8777777777777777,0.8157894736842105,0.8666666666666666,0.8157894736842105,0.875,0.7894736842105263,0.009722222222222077,-0.001388888888888995,0.00694444444444442,0.05263157894736836,0.05263157894736836,0.02631578947368418
SMK-CAN-187,2,19993,1000,0.05,5.0,0.7736111111111111,0.7368421052631579,0.8138888888888889,0.7368421052631579,0.763888888888889,0.7368421052631579,0.7944444444444445,0.7368421052631579,0.040277777777777746,-0.009722222222222188,0.02083333333333337,0.0,0.0,0.0
SMK-CAN-187,3,19993,1000,0.05,5.0,0.7090643274853802,0.7027027027027027,0.7032163742690059,0.7027027027027027,0.7207602339181286,0.6756756756756757,0.6944444444444444,0.7027027027027027,-0.005847953216374324,0.011695906432748426,-0.014619883040935755,0.0,-0.027027027027027084,0.0
SMK-CAN-187,4,19993,1000,0.05,5.0,0.7631578947368421,0.6756756756756757,0.7719298245614035,0.7567567567567568,0.7646198830409356,0.7027027027027027,0.7690058479532164,0.7027027027027027,0.00877192982456132,0.0014619883040934978,0.005847953216374213,0.08108108108108114,0.027027027027027084,0.027027027027027084
SMK-CAN-187,5,19993,1000,0.05,5.0,0.6242690058479532,0.5405405405405406,0.6374269005847953,0.5405405405405406,0.618421052631579,0.5405405405405406,0.6345029239766082,0.5405405405405406,0.013157894736842146,-0.005847953216374213,0.01023391812865504,0.0,0.0,0.0
colon,1,2000,2000,1.0,100.0,0.95,0.8461538461538461,0.95,0.8461538461538461,0.95,0.8461538461538461,0.95,0.8461538461538461,0.0,0.0,0.0,0.0,0.0,0.0
colon,2,2000,2000,1.0,100.0,0.975,0.8461538461538461,0.975,0.8461538461538461,0.975,0.8461538461538461,0.975,0.8461538461538461,0.0,0.0,0.0,0.0,0.0,0.0
colon,3,2000,2000,1.0,100.0,0.8125,0.6666666666666666,0.8125,0.6666666666666666,0.8125,0.6666666666666666,0.8125,0.6666666666666666,0.0,0.0,0.0,0.0,0.0,0.0
colon,4,2000,2000,1.0,100.0,0.9375,0.8333333333333334,0.9375,0.8333333333333334,0.9375,0.8333333333333334,0.9375,0.8333333333333334,0.0,0.0,0.0,0.0,0.0,0.0
colon,5,2000,2000,1.0,100.0,1.0,0.8333333333333334,1.0,0.8333333333333334,1.0,0.8333333333333334,1.0,0.8333333333333334,0.0,0.0,0.0,0.0,0.0,0.0
colon,1,2000,1800,0.9,90.0,0.95,0.8461538461538461,0.95,0.8461538461538461,0.95,0.7692307692307693,0.975,0.9230769230769231,0.0,0.0,0.025000000000000022,0.0,-0.07692307692307687,0.07692307692307698
colon,2,2000,1800,0.9,90.0,0.975,0.8461538461538461,0.975,0.8461538461538461,0.95,0.8461538461538461,0.975,0.8461538461538461,0.0,-0.025000000000000022,0.0,0.0,0.0,0.0
colon,3,2000,1800,0.9,90.0,0.8125,0.6666666666666666,0.8125,0.75,0.8125,0.75,0.8125,0.6666666666666666,0.0,0.0,0.0,0.08333333333333337,0.08333333333333337,0.0
colon,4,2000,1800,0.9,90.0,0.9375,0.8333333333333334,0.90625,0.8333333333333334,0.90625,0.8333333333333334,0.875,0.8333333333333334,-0.03125,-0.03125,-0.0625,0.0,0.0,0.0
colon,5,2000,1800,0.9,90.0,1.0,0.8333333333333334,1.0,0.9166666666666666,1.0,0.9166666666666666,1.0,0.8333333333333334,0.0,0.0,0.0,0.08333333333333326,0.08333333333333326,0.0
colon,1,2000,1600,0.8,80.0,0.95,0.8461538461538461,0.95,0.7692307692307693,0.95,0.7692307692307693,0.975,0.8461538461538461,0.0,0.0,0.025000000000000022,-0.07692307692307687,-0.07692307692307687,0.0
colon,2,2000,1600,0.8,80.0,0.975,0.8461538461538461,0.95,0.8461538461538461,0.975,0.8461538461538461,0.975,0.8461538461538461,-0.025000000000000022,0.0,0.0,0.0,0.0,0.0
colon,3,2000,1600,0.8,80.0,0.8125,0.6666666666666666,0.78125,0.75,0.84375,0.6666666666666666,0.765625,0.6666666666666666,-0.03125,0.03125,-0.046875,0.08333333333333337,0.0,0.0
colon,4,2000,1600,0.8,80.0,0.9375,0.8333333333333334,0.90625,0.8333333333333334,0.875,0.8333333333333334,0.875,0.8333333333333334,-0.03125,-0.0625,-0.0625,0.0,0.0,0.0
colon,5,2000,1600,0.8,80.0,1.0,0.8333333333333334,1.0,0.8333333333333334,1.0,0.9166666666666666,1.0,0.8333333333333334,0.0,0.0,0.0,0.0,0.08333333333333326,0.0
colon,1,2000,1400,0.7,70.0,0.95,0.8461538461538461,0.95,0.7692307692307693,0.95,0.8461538461538461,0.975,0.8461538461538461,0.0,0.0,0.025000000000000022,-0.07692307692307687,0.0,0.0
colon,2,2000,1400,0.7,70.0,0.975,0.8461538461538461,0.975,0.8461538461538461,0.975,0.8461538461538461,0.95,0.8461538461538461,0.0,0.0,-0.025000000000000022,0.0,0.0,0.0
colon,3,2000,1400,0.7,70.0,0.8125,0.6666666666666666,0.78125,0.75,0.78125,0.6666666666666666,0.78125,0.6666666666666666,-0.03125,-0.03125,-0.03125,0.08333333333333337,0.0,0.0
colon,4,2000,1400,0.7,70.0,0.9375,0.8333333333333334,0.890625,0.8333333333333334,0.84375,0.8333333333333334,0.84375,0.8333333333333334,-0.046875,-0.09375,-0.09375,0.0,0.0,0.0
colon,5,2000,1400,0.7,70.0,1.0,0.8333333333333334,1.0,0.8333333333333334,1.0,0.9166666666666666,0.9375,0.8333333333333334,0.0,0.0,-0.0625,0.0,0.08333333333333326,0.0
colon,1,2000,1200,0.6,60.0,0.95,0.8461538461538461,0.95,0.7692307692307693,0.95,0.7692307692307693,0.975,0.9230769230769231,0.0,0.0,0.025000000000000022,-0.07692307692307687,-0.07692307692307687,0.07692307692307698
colon,2,2000,1200,0.6,60.0,0.975,0.8461538461538461,0.925,0.8461538461538461,0.95,0.9230769230769231,0.95,0.8461538461538461,-0.04999999999999993,-0.025000000000000022,-0.025000000000000022,0.0,0.07692307692307698,0.0
colon,3,2000,1200,0.6,60.0,0.8125,0.6666666666666666,0.78125,0.75,0.78125,0.6666666666666666,0.78125,0.6666666666666666,-0.03125,-0.03125,-0.03125,0.08333333333333337,0.0,0.0
colon,4,2000,1200,0.6,60.0,0.9375,0.8333333333333334,0.875,0.8333333333333334,0.875,0.8333333333333334,0.921875,0.8333333333333334,-0.0625,-0.0625,-0.015625,0.0,0.0,0.0
colon,5,2000,1200,0.6,60.0,1.0,0.8333333333333334,1.0,0.8333333333333334,1.0,0.9166666666666666,0.96875,0.9166666666666666,0.0,0.0,-0.03125,0.0,0.08333333333333326,0.08333333333333326
colon,1,2000,1000,0.5,50.0,0.95,0.8461538461538461,0.95,0.7692307692307693,0.95,0.7692307692307693,0.975,0.9230769230769231,0.0,0.0,0.025000000000000022,-0.07692307692307687,-0.07692307692307687,0.07692307692307698
colon,2,2000,1000,0.5,50.0,0.975,0.8461538461538461,0.925,0.8461538461538461,0.975,0.8461538461538461,0.95,0.8461538461538461,-0.04999999999999993,0.0,-0.025000000000000022,0.0,0.0,0.0
colon,3,2000,1000,0.5,50.0,0.8125,0.6666666666666666,0.8125,0.75,0.71875,0.6666666666666666,0.75,0.75,0.0,-0.09375,-0.0625,0.08333333333333337,0.0,0.08333333333333337
colon,4,2000,1000,0.5,50.0,0.9375,0.8333333333333334,0.90625,0.8333333333333334,0.84375,0.8333333333333334,0.84375,0.8333333333333334,-0.03125,-0.09375,-0.09375,0.0,0.0,0.0
colon,5,2000,1000,0.5,50.0,1.0,0.8333333333333334,1.0,0.8333333333333334,1.0,0.9166666666666666,0.96875,0.8333333333333334,0.0,0.0,-0.03125,0.0,0.08333333333333326,0.0
colon,1,2000,800,0.4,40.0,0.95,0.8461538461538461,0.95,0.7692307692307693,0.95,0.8461538461538461,0.975,0.9230769230769231,0.0,0.0,0.025000000000000022,-0.07692307692307687,0.0,0.07692307692307698
colon,2,2000,800,0.4,40.0,0.975,0.8461538461538461,0.925,0.8461538461538461,0.975,0.8461538461538461,0.95,0.8461538461538461,-0.04999999999999993,0.0,-0.025000000000000022,0.0,0.0,0.0
colon,3,2000,800,0.4,40.0,0.8125,0.6666666666666666,0.78125,0.75,0.75,0.6666666666666666,0.8125,0.75,-0.03125,-0.0625,0.0,0.08333333333333337,0.0,0.08333333333333337
colon,4,2000,800,0.4,40.0,0.9375,0.8333333333333334,0.90625,0.8333333333333334,0.875,0.8333333333333334,0.875,0.8333333333333334,-0.03125,-0.0625,-0.0625,0.0,0.0,0.0
colon,5,2000,800,0.4,40.0,1.0,0.8333333333333334,1.0,0.9166666666666666,0.96875,0.9166666666666666,0.96875,0.9166666666666666,0.0,-0.03125,-0.03125,0.08333333333333326,0.08333333333333326,0.08333333333333326
colon,1,2000,600,0.3,30.0,0.95,0.8461538461538461,0.95,0.7692307692307693,0.975,0.9230769230769231,0.975,0.9230769230769231,0.0,0.025000000000000022,0.025000000000000022,-0.07692307692307687,0.07692307692307698,0.07692307692307698
colon,2,2000,600,0.3,30.0,0.975,0.8461538461538461,0.925,0.8461538461538461,0.975,0.8461538461538461,0.975,0.8461538461538461,-0.04999999999999993,0.0,0.0,0.0,0.0,0.0
colon,3,2000,600,0.3,30.0,0.8125,0.6666666666666666,0.8125,0.75,0.78125,0.5833333333333334,0.75,0.6666666666666666,0.0,-0.03125,-0.0625,0.08333333333333337,-0.08333333333333326,0.0
colon,4,2000,600,0.3,30.0,0.9375,0.8333333333333334,0.875,0.8333333333333334,0.9375,0.8333333333333334,0.875,0.8333333333333334,-0.0625,0.0,-0.0625,0.0,0.0,0.0
colon,5,2000,600,0.3,30.0,1.0,0.8333333333333334,1.0,0.8333333333333334,1.0,0.9166666666666666,0.96875,0.9166666666666666,0.0,0.0,-0.03125,0.0,0.08333333333333326,0.08333333333333326
colon,1,2000,400,0.2,20.0,0.95,0.8461538461538461,0.925,0.7692307692307693,0.975,0.9230769230769231,0.975,0.9230769230769231,-0.02499999999999991,0.025000000000000022,0.025000000000000022,-0.07692307692307687,0.07692307692307698,0.07692307692307698
colon,2,2000,400,0.2,20.0,0.975,0.8461538461538461,0.925,0.8461538461538461,0.975,0.8461538461538461,0.95,0.9230769230769231,-0.04999999999999993,0.0,-0.025000000000000022,0.0,0.0,0.07692307692307698
colon,3,2000,400,0.2,20.0,0.8125,0.6666666666666666,0.8125,0.75,0.8125,0.6666666666666666,0.84375,0.6666666666666666,0.0,0.0,0.03125,0.08333333333333337,0.0,0.0
colon,4,2000,400,0.2,20.0,0.9375,0.8333333333333334,0.875,0.8333333333333334,0.8125,0.8333333333333334,0.90625,0.8333333333333334,-0.0625,-0.125,-0.03125,0.0,0.0,0.0
colon,5,2000,400,0.2,20.0,1.0,0.8333333333333334,1.0,0.9166666666666666,0.90625,0.8333333333333334,0.96875,0.9166666666666666,0.0,-0.09375,-0.03125,0.08333333333333326,0.0,0.08333333333333326
colon,1,2000,200,0.1,10.0,0.95,0.8461538461538461,0.95,0.7692307692307693,0.95,0.9230769230769231,0.975,0.8461538461538461,0.0,0.0,0.025000000000000022,-0.07692307692307687,0.07692307692307698,0.0
colon,2,2000,200,0.1,10.0,0.975,0.8461538461538461,0.925,0.8461538461538461,0.95,0.8461538461538461,0.95,0.8461538461538461,-0.04999999999999993,-0.025000000000000022,-0.025000000000000022,0.0,0.0,0.0
colon,3,2000,200,0.1,10.0,0.8125,0.6666666666666666,0.8125,0.75,0.78125,0.75,0.8125,0.6666666666666666,0.0,-0.03125,0.0,0.08333333333333337,0.08333333333333337,0.0
colon,4,2000,200,0.1,10.0,0.9375,0.8333333333333334,0.875,0.8333333333333334,0.90625,0.8333333333333334,0.8125,0.8333333333333334,-0.0625,-0.03125,-0.125,0.0,0.0,0.0
colon,5,2000,200,0.1,10.0,1.0,0.8333333333333334,1.0,0.9166666666666666,0.90625,0.8333333333333334,1.0,1.0,0.0,-0.09375,0.0,0.08333333333333326,0.0,0.16666666666666663
colon,1,2000,100,0.05,5.0,0.95,0.8461538461538461,0.95,0.7692307692307693,0.95,0.8461538461538461,0.875,0.7692307692307693,0.0,0.0,-0.07499999999999996,-0.07692307692307687,0.0,-0.07692307692307687
colon,2,2000,100,0.05,5.0,0.975,0.8461538461538461,0.9,0.9230769230769231,1.0,1.0,0.975,0.9230769230769231,-0.07499999999999996,0.025000000000000022,0.0,0.07692307692307698,0.15384615384615385,0.07692307692307698
colon,3,2000,100,0.05,5.0,0.8125,0.6666666666666666,0.8125,0.75,0.8125,0.8333333333333334,0.875,0.75,0.0,0.0,0.0625,0.08333333333333337,0.16666666666666674,0.08333333333333337
colon,4,2000,100,0.05,5.0,0.9375,0.8333333333333334,0.9375,0.8333333333333334,1.0,0.75,0.71875,0.8333333333333334,0.0,0.0625,-0.21875,0.0,-0.08333333333333337,0.0
colon,5,2000,100,0.05,5.0,1.0,0.8333333333333334,1.0,0.9166666666666666,0.875,0.8333333333333334,0.9375,0.75,0.0,-0.125,-0.0625,0.08333333333333326,0.0,-0.08333333333333337
leukemia,1,7070,7070,1.0,100.0,1.0,1.0,1.0,1.0,1.0,1.0,1.0,1.0,0.0,0.0,0.0,0.0,0.0,0.0
leukemia,2,7070,7070,1.0,100.0,0.9,0.8,0.9,0.8,0.9,0.8,0.9,0.8,0.0,0.0,0.0,0.0,0.0,0.0
leukemia,3,7070,7070,1.0,100.0,1.0,0.9285714285714286,1.0,0.9285714285714286,1.0,0.9285714285714286,1.0,0.9285714285714286,0.0,0.0,0.0,0.0,0.0,0.0
leukemia,4,7070,7070,1.0,100.0,1.0,1.0,1.0,1.0,1.0,1.0,1.0,1.0,0.0,0.0,0.0,0.0,0.0,0.0
leukemia,5,7070,7070,1.0,100.0,1.0,1.0,1.0,1.0,1.0,1.0,1.0,1.0,0.0,0.0,0.0,0.0,0.0,0.0
leukemia,1,7070,6363,0.9,90.0,1.0,1.0,1.0,1.0,1.0,1.0,1.0,1.0,0.0,0.0,0.0,0.0,0.0,0.0
leukemia,2,7070,6363,0.9,90.0,0.9,0.8,0.92,0.8666666666666667,0.92,0.8666666666666667,0.92,0.8666666666666667,0.020000000000000018,0.020000000000000018,0.020000000000000018,0.06666666666666665,0.06666666666666665,0.06666666666666665
leukemia,3,7070,6363,0.9,90.0,1.0,0.9285714285714286,1.0,0.8571428571428571,1.0,0.8571428571428571,1.0,0.9285714285714286,0.0,0.0,0.0,-0.07142857142857151,-0.07142857142857151,0.0
leukemia,4,7070,6363,0.9,90.0,1.0,1.0,1.0,0.9285714285714286,1.0,0.9285714285714286,1.0,0.9285714285714286,0.0,0.0,0.0,-0.0714285714285714,-0.0714285714285714,-0.0714285714285714
leukemia,5,7070,6363,0.9,90.0,1.0,1.0,1.0,1.0,1.0,1.0,1.0,1.0,0.0,0.0,0.0,0.0,0.0,0.0
leukemia,1,7070,5656,0.8,80.0,1.0,1.0,1.0,1.0,1.0,1.0,1.0,1.0,0.0,0.0,0.0,0.0,0.0,0.0
leukemia,2,7070,5656,0.8,80.0,0.9,0.8,0.92,0.8666666666666667,0.9,0.8,0.9,0.8666666666666667,0.020000000000000018,0.0,0.0,0.06666666666666665,0.0,0.06666666666666665
leukemia,3,7070,5656,0.8,80.0,1.0,0.9285714285714286,1.0,0.8571428571428571,1.0,0.8571428571428571,1.0,0.9285714285714286,0.0,0.0,0.0,-0.07142857142857151,-0.07142857142857151,0.0
leukemia,4,7070,5656,0.8,80.0,1.0,1.0,1.0,0.9285714285714286,1.0,0.9285714285714286,1.0,0.9285714285714286,0.0,0.0,0.0,-0.0714285714285714,-0.0714285714285714,-0.0714285714285714
leukemia,5,7070,5656,0.8,80.0,1.0,1.0,1.0,1.0,1.0,1.0,1.0,1.0,0.0,0.0,0.0,0.0,0.0,0.0
leukemia,1,7070,4949,0.7,70.0,1.0,1.0,1.0,1.0,1.0,1.0,1.0,1.0,0.0,0.0,0.0,0.0,0.0,0.0
leukemia,2,7070,4949,0.7,70.0,0.9,0.8,0.92,0.8666666666666667,0.8800000000000001,0.8666666666666667,0.9,0.8666666666666667,0.020000000000000018,-0.019999999999999907,0.0,0.06666666666666665,0.06666666666666665,0.06666666666666665
leukemia,3,7070,4949,0.7,70.0,1.0,0.9285714285714286,1.0,0.8571428571428571,1.0,0.8571428571428571,1.0,0.8571428571428571,0.0,0.0,0.0,-0.07142857142857151,-0.07142857142857151,-0.07142857142857151
leukemia,4,7070,4949,0.7,70.0,1.0,1.0,1.0,0.9285714285714286,1.0,1.0,1.0,1.0,0.0,0.0,0.0,-0.0714285714285714,0.0,0.0
leukemia,5,7070,4949,0.7,70.0,1.0,1.0,1.0,1.0,1.0,1.0,1.0,1.0,0.0,0.0,0.0,0.0,0.0,0.0
leukemia,1,7070,4242,0.6,60.0,1.0,1.0,1.0,1.0,1.0,1.0,1.0,1.0,0.0,0.0,0.0,0.0,0.0,0.0
leukemia,2,7070,4242,0.6,60.0,0.9,0.8,0.94,0.8666666666666667,0.9,0.8666666666666667,0.9,0.8666666666666667,0.039999999999999925,0.0,0.0,0.06666666666666665,0.06666666666666665,0.06666666666666665
leukemia,3,7070,4242,0.6,60.0,1.0,0.9285714285714286,1.0,0.9285714285714286,1.0,0.9285714285714286,1.0,0.8571428571428571,0.0,0.0,0.0,0.0,0.0,-0.07142857142857151
leukemia,4,7070,4242,0.6,60.0,1.0,1.0,1.0,0.9285714285714286,1.0,1.0,1.0,1.0,0.0,0.0,0.0,-0.0714285714285714,0.0,0.0
leukemia,5,7070,4242,0.6,60.0,1.0,1.0,1.0,1.0,1.0,1.0,1.0,1.0,0.0,0.0,0.0,0.0,0.0,0.0
leukemia,1,7070,3535,0.5,50.0,1.0,1.0,1.0,1.0,1.0,0.9333333333333333,1.0,1.0,0.0,0.0,0.0,0.0,-0.06666666666666665,0.0
leukemia,2,7070,3535,0.5,50.0,0.9,0.8,0.94,0.8666666666666667,0.9,0.8,0.9,0.8666666666666667,0.039999999999999925,0.0,0.0,0.06666666666666665,0.0,0.06666666666666665
leukemia,3,7070,3535,0.5,50.0,1.0,0.9285714285714286,1.0,0.9285714285714286,1.0,0.8571428571428571,1.0,0.7857142857142857,0.0,0.0,0.0,0.0,-0.07142857142857151,-0.1428571428571429
leukemia,4,7070,3535,0.5,50.0,1.0,1.0,1.0,0.9285714285714286,1.0,0.9285714285714286,1.0,0.9285714285714286,0.0,0.0,0.0,-0.0714285714285714,-0.0714285714285714,-0.0714285714285714
leukemia,5,7070,3535,0.5,50.0,1.0,1.0,1.0,1.0,1.0,1.0,1.0,1.0,0.0,0.0,0.0,0.0,0.0,0.0
leukemia,1,7070,2828,0.4,40.0,1.0,1.0,1.0,1.0,1.0,0.9333333333333333,1.0,0.9333333333333333,0.0,0.0,0.0,0.0,-0.06666666666666665,-0.06666666666666665
leukemia,2,7070,2828,0.4,40.0,0.9,0.8,0.92,0.9333333333333333,0.9,0.8,0.9,0.8666666666666667,0.020000000000000018,0.0,0.0,0.1333333333333333,0.0,0.06666666666666665
leukemia,3,7070,2828,0.4,40.0,1.0,0.9285714285714286,1.0,0.9285714285714286,1.0,0.7857142857142857,1.0,0.7857142857142857,0.0,0.0,0.0,0.0,-0.1428571428571429,-0.1428571428571429
leukemia,4,7070,2828,0.4,40.0,1.0,1.0,1.0,0.9285714285714286,1.0,1.0,1.0,1.0,0.0,0.0,0.0,-0.0714285714285714,0.0,0.0
leukemia,5,7070,2828,0.4,40.0,1.0,1.0,1.0,1.0,1.0,1.0,1.0,1.0,0.0,0.0,0.0,0.0,0.0,0.0
leukemia,1,7070,2121,0.3,30.0,1.0,1.0,1.0,1.0,1.0,0.9333333333333333,1.0,1.0,0.0,0.0,0.0,0.0,-0.06666666666666665,0.0
leukemia,2,7070,2121,0.3,30.0,0.9,0.8,0.94,0.9333333333333333,0.9,0.8,0.87,0.8666666666666667,0.039999999999999925,0.0,-0.030000000000000027,0.1333333333333333,0.0,0.06666666666666665
leukemia,3,7070,2121,0.3,30.0,1.0,0.9285714285714286,1.0,1.0,1.0,0.7857142857142857,1.0,0.7857142857142857,0.0,0.0,0.0,0.0714285714285714,-0.1428571428571429,-0.1428571428571429
leukemia,4,7070,2121,0.3,30.0,1.0,1.0,1.0,0.9285714285714286,1.0,1.0,1.0,0.9285714285714286,0.0,0.0,0.0,-0.0714285714285714,0.0,-0.0714285714285714
leukemia,5,7070,2121,0.3,30.0,1.0,1.0,1.0,1.0,1.0,1.0,1.0,1.0,0.0,0.0,0.0,0.0,0.0,0.0
leukemia,1,7070,1414,0.2,20.0,1.0,1.0,1.0,1.0,1.0,0.9333333333333333,1.0,0.9333333333333333,0.0,0.0,0.0,0.0,-0.06666666666666665,-0.06666666666666665
leukemia,2,7070,1414,0.2,20.0,0.9,0.8,0.9600000000000001,0.8666666666666667,0.92,0.8666666666666667,0.8800000000000001,0.8666666666666667,0.06000000000000005,0.020000000000000018,-0.019999999999999907,0.06666666666666665,0.06666666666666665,0.06666666666666665
leukemia,3,7070,1414,0.2,20.0,1.0,0.9285714285714286,1.0,1.0,0.9777777777777777,0.7857142857142857,1.0,0.7857142857142857,0.0,-0.022222222222222254,0.0,0.0714285714285714,-0.1428571428571429,-0.1428571428571429
leukemia,4,7070,1414,0.2,20.0,1.0,1.0,1.0,0.9285714285714286,1.0,1.0,1.0,0.9285714285714286,0.0,0.0,0.0,-0.0714285714285714,0.0,-0.0714285714285714
leukemia,5,7070,1414,0.2,20.0,1.0,1.0,1.0,1.0,1.0,1.0,1.0,1.0,0.0,0.0,0.0,0.0,0.0,0.0
leukemia,1,7070,707,0.1,10.0,1.0,1.0,1.0,1.0,1.0,0.9333333333333333,1.0,0.9333333333333333,0.0,0.0,0.0,0.0,-0.06666666666666665,-0.06666666666666665
leukemia,2,7070,707,0.1,10.0,0.9,0.8,0.9600000000000001,0.9333333333333333,0.9,0.8666666666666667,0.8,0.8,0.06000000000000005,0.0,-0.09999999999999998,0.1333333333333333,0.06666666666666665,0.0
leukemia,3,7070,707,0.1,10.0,1.0,0.9285714285714286,1.0,1.0,0.9777777777777779,0.7857142857142857,1.0,0.7857142857142857,0.0,-0.022222222222222143,0.0,0.0714285714285714,-0.1428571428571429,-0.1428571428571429
leukemia,4,7070,707,0.1,10.0,1.0,1.0,1.0,0.9285714285714286,1.0,1.0,1.0,0.9285714285714286,0.0,0.0,0.0,-0.0714285714285714,0.0,-0.0714285714285714
leukemia,5,7070,707,0.1,10.0,1.0,1.0,1.0,1.0,1.0,1.0,1.0,1.0,0.0,0.0,0.0,0.0,0.0,0.0
leukemia,1,7070,354,0.05,5.0,1.0,1.0,1.0,1.0,1.0,0.9333333333333333,1.0,1.0,0.0,0.0,0.0,0.0,-0.06666666666666665,0.0
leukemia,2,7070,354,0.05,5.0,0.9,0.8,0.98,0.9333333333333333,0.92,0.8,0.76,0.8,0.07999999999999996,0.020000000000000018,-0.14,0.1333333333333333,0.0,0.0
leukemia,3,7070,354,0.05,5.0,1.0,0.9285714285714286,1.0,1.0,0.8888888888888888,0.7857142857142857,0.9777777777777777,0.7857142857142857,0.0,-0.11111111111111116,-0.022222222222222254,0.0714285714285714,-0.1428571428571429,-0.1428571428571429
leukemia,4,7070,354,0.05,5.0,1.0,1.0,1.0,0.9285714285714286,1.0,1.0,1.0,0.9285714285714286,0.0,0.0,0.0,-0.0714285714285714,0.0,-0.0714285714285714
leukemia,5,7070,354,0.05,5.0,1.0,1.0,1.0,1.0,1.0,1.0,1.0,0.9285714285714286,0.0,0.0,0.0,0.0,0.0,-0.0714285714285714
RELATHE,1,4322,4322,1.0,100.0,0.9640285996055228,0.8951048951048951,0.9640285996055228,0.8951048951048951,0.9640285996055228,0.8951048951048951,0.9640285996055228,0.8951048951048951,0.0,0.0,0.0,0.0,0.0,0.0
RELATHE,2,4322,4322,1.0,100.0,0.9716962524654832,0.9230769230769231,0.9716962524654832,0.9230769230769231,0.9716962524654832,0.9230769230769231,0.9716962524654832,0.9230769230769231,0.0,0.0,0.0,0.0,0.0,0.0
RELATHE,3,4322,4322,1.0,100.0,0.9369161200556549,0.8947368421052632,0.9369161200556549,0.8947368421052632,0.9369161200556549,0.8947368421052632,0.9369161200556549,0.8947368421052632,0.0,0.0,0.0,0.0,0.0,0.0
RELATHE,4,4322,4322,1.0,100.0,0.9799741602067182,0.9263157894736842,0.9799741602067182,0.9263157894736842,0.9799741602067182,0.9263157894736842,0.9799741602067182,0.9263157894736842,0.0,0.0,0.0,0.0,0.0,0.0
RELATHE,5,4322,4322,1.0,100.0,0.9544665012406949,0.9087719298245615,0.9544665012406949,0.9087719298245615,0.9544665012406949,0.9087719298245615,0.9544665012406949,0.9087719298245615,0.0,0.0,0.0,0.0,0.0,0.0
RELATHE,1,4322,3890,0.9,90.0,0.9640285996055228,0.8951048951048951,0.9611193293885603,0.9090909090909091,0.9599605522682446,0.8986013986013986,0.9619329388560158,0.9020979020979021,-0.002909270216962523,-0.004068047337278169,-0.0020956607495069557,0.013986013986013957,0.0034965034965035446,0.006993006993006978
RELATHE,2,4322,3890,0.9,90.0,0.9716962524654832,0.9230769230769231,0.9727810650887575,0.9230769230769231,0.9730029585798817,0.9230769230769231,0.9694526627218935,0.9090909090909091,0.0010848126232743116,0.001306706114398537,-0.0022435897435897356,0.0,0.0,-0.013986013986014068
RELATHE,3,4322,3890,0.9,90.0,0.9369161200556549,0.8947368421052632,0.9364440469091633,0.9017543859649123,0.9369161200556549,0.9122807017543859,0.9372142715165972,0.9017543859649123,-0.0004720731464916694,0.0,0.0002981514609422531,0.007017543859649145,0.01754385964912275,0.007017543859649145
RELATHE,4,4322,3890,0.9,90.0,0.9799741602067182,0.9263157894736842,0.9771914132379249,0.9298245614035088,0.9797257006559332,0.9298245614035088,0.97676903200159,0.9403508771929825,-0.002782746968793326,-0.00024845955078500737,-0.0032051282051281937,0.0035087719298245723,0.0035087719298245723,0.01403508771929829
RELATHE,5,4322,3890,0.9,90.0,0.9544665012406949,0.9087719298245615,0.9557071960297767,0.9087719298245615,0.9564516129032259,0.9052631578947369,0.956029776674938,0.9157894736842105,0.001240694789081842,0.001985111662531014,0.001563275434243172,0.0,-0.0035087719298245723,0.007017543859649034
RELATHE,1,4322,3458,0.8,80.0,0.9640285996055228,0.8951048951048951,0.9609960552268245,0.9055944055944056,0.9612919132149901,0.8916083916083916,0.9606508875739646,0.9020979020979021,-0.0030325443786982653,-0.0027366863905327055,-0.003377712031558233,0.010489510489510523,-0.0034965034965035446,0.006993006993006978
RELATHE,2,4322,3458,0.8,80.0,0.9716962524654832,0.9230769230769231,0.9710059171597633,0.9195804195804196,0.9705128205128206,0.916083916083916,0.968491124260355,0.916083916083916,-0.0006903353057199357,-0.0011834319526625725,-0.0032051282051281937,-0.0034965034965035446,-0.006993006993007089,-0.006993006993007089
RELATHE,3,4322,3458,0.8,80.0,0.9369161200556549,0.8947368421052632,0.9340836811767044,0.9017543859649123,0.9370651957861261,0.8912280701754386,0.9361210494931426,0.887719298245614,-0.0028324388789505717,0.00014907573047118206,-0.0007950705625123788,0.007017543859649145,-0.0035087719298245723,-0.007017543859649145
RELATHE,4,4322,3458,0.8,80.0,0.9799741602067182,0.9263157894736842,0.9795269330153051,0.9298245614035088,0.9798002385211688,0.9403508771929825,0.9790051679586563,0.9228070175438596,-0.0004472271914131021,-0.00017392168554941634,-0.0009689922480619062,0.0035087719298245723,0.01403508771929829,-0.0035087719298245723
RELATHE,5,4322,3458,0.8,80.0,0.9544665012406949,0.9087719298245615,0.957196029776675,0.9087719298245615,0.9546650124069479,0.9122807017543859,0.9565508684863524,0.9157894736842105,0.0027295285359800747,0.00019851116625302367,0.0020843672456575257,0.0,0.0035087719298244613,0.007017543859649034
RELATHE,1,4322,3025,0.7,70.0,0.9640285996055228,0.8951048951048951,0.9607741617357002,0.9020979020979021,0.958801775147929,0.8916083916083916,0.956311637080868,0.8741258741258742,-0.0032544378698226017,-0.005226824457593815,-0.0077169625246548135,0.006993006993006978,-0.0034965034965035446,-0.020979020979020935
RELATHE,2,4322,3025,0.7,70.0,0.9716962524654832,0.9230769230769231,0.970216962524655,0.9195804195804196,0.9669378698224852,0.9125874125874126,0.9719428007889546,0.9020979020979021,-0.0014792899408282434,-0.004758382642997994,0.0002465483234713739,-0.0034965034965035446,-0.010489510489510523,-0.020979020979021046
RELATHE,3,4322,3025,0.7,70.0,0.9369161200556549,0.8947368421052632,0.9334376863446631,0.8947368421052632,0.9343569866825681,0.8912280701754386,0.933338302524349,0.8947368421052632,-0.0034784337109918795,-0.002559133373086886,-0.003577817531305927,0.0,-0.0035087719298245723,0.0
RELATHE,4,4322,3025,0.7,70.0,0.9799741602067182,0.9263157894736842,0.9779864838004373,0.9298245614035088,0.9778125621148877,0.9333333333333333,0.976570264360962,0.9157894736842105,-0.001987676406280947,-0.0021615980918305855,-0.0034038958457562885,0.0035087719298245723,0.007017543859649145,-0.010526315789473717
RELATHE,5,4322,3025,0.7,70.0,0.9544665012406949,0.9087719298245615,0.9555334987593053,0.9087719298245615,0.9537468982630274,0.9052631578947369,0.9581885856079404,0.9052631578947369,0.0010669975186103908,-0.0007196029776674884,0.003722084367245526,0.0,-0.0035087719298245723,-0.0035087719298245723
RELATHE,1,4322,2593,0.6,60.0,0.9640285996055228,0.8951048951048951,0.9602810650887574,0.9020979020979021,0.9587524654832347,0.8986013986013986,0.9505424063116371,0.8741258741258742,-0.0037475345167653495,-0.005276134122288112,-0.013486193293885673,0.006993006993006978,0.0034965034965035446,-0.020979020979020935
RELATHE,2,4322,2593,0.6,60.0,0.9716962524654832,0.9230769230769231,0.9697485207100592,0.9300699300699301,0.9678500986193294,0.9125874125874126,0.9739891518737672,0.916083916083916,-0.0019477317554239537,-0.0038461538461538325,0.0022928994082840326,0.006993006993006978,-0.010489510489510523,-0.006993006993007089
RELATHE,3,4322,2593,0.6,60.0,0.9369161200556549,0.8947368421052632,0.9304064798250845,0.9017543859649123,0.934207910952097,0.8947368421052632,0.9317233154442456,0.8912280701754386,-0.006509640230570435,-0.002708209103557957,-0.005192804611409363,0.007017543859649145,0.0,-0.0035087719298245723
RELATHE,4,4322,2593,0.6,60.0,0.9799741602067182,0.9263157894736842,0.9784834029020075,0.9263157894736842,0.9783591731266149,0.9263157894736842,0.975452196382429,0.9228070175438596,-0.0014907573047107103,-0.001614987080103325,-0.004521963824289266,0.0,0.0,-0.0035087719298245723
RELATHE,5,4322,2593,0.6,60.0,0.9544665012406949,0.9087719298245615,0.9564516129032259,0.9052631578947369,0.9517866004962778,0.8947368421052632,0.9547642679900745,0.9052631578947369,0.001985111662531014,-0.002679900744417041,0.00029776674937964653,-0.0035087719298245723,-0.01403508771929829,-0.0035087719298245723
RELATHE,1,4322,2161,0.5,50.0,0.9640285996055228,0.8951048951048951,0.9601331360946745,0.8951048951048951,0.9493343195266273,0.8881118881118881,0.948052268244576,0.8741258741258742,-0.0038954635108482405,-0.014694280078895505,-0.015976331360946783,0.0,-0.006993006993006978,-0.020979020979020935
RELATHE,2,4322,2161,0.5,50.0,0.9716962524654832,0.9230769230769231,0.9697978303747534,0.9230769230769231,0.9643984220907298,0.9125874125874126,0.9714003944773175,0.9265734265734266,-0.0018984220907297678,-0.0072978303747534,-0.0002958579881656709,0.0,-0.010489510489510523,0.0034965034965034336
RELATHE,3,4322,2161,0.5,50.0,0.9369161200556549,0.8947368421052632,0.9335370701649771,0.8947368421052632,0.93048101769032,0.8982456140350877,0.9280212681375472,0.9052631578947369,-0.003379049890677832,-0.006435102365334955,-0.008894851918107793,0.0,0.0035087719298245723,0.010526315789473717
RELATHE,4,4322,2161,0.5,50.0,0.9799741602067182,0.9263157894736842,0.9765454184058835,0.9333333333333333,0.975402504472272,0.9228070175438596,0.973712979526933,0.9157894736842105,-0.0034287418008347448,-0.004571655734446289,-0.006261180679785205,0.007017543859649145,-0.0035087719298245723,-0.010526315789473717
RELATHE,5,4322,2161,0.5,50.0,0.9544665012406949,0.9087719298245615,0.9539454094292805,0.9017543859649123,0.9512158808933002,0.8947368421052632,0.9501736972704715,0.8982456140350877,-0.0005210918114143537,-0.0032506203473946504,-0.004292803970223358,-0.007017543859649145,-0.01403508771929829,-0.010526315789473717
RELATHE,1,4322,1729,0.4,40.0,0.9640285996055228,0.8951048951048951,0.9594428007889546,0.9055944055944056,0.9556706114398422,0.8811188811188811,0.945759368836292,0.8881118881118881,-0.004585798816568176,-0.008357988165680563,-0.018269230769230815,0.010489510489510523,-0.013986013986013957,-0.006993006993006978
RELATHE,2,4322,1729,0.4,40.0,0.9716962524654832,0.9230769230769231,0.9692307692307691,0.9230769230769231,0.9637080867850099,0.9055944055944056,0.9699211045364892,0.9020979020979021,-0.002465483234714072,-0.007988165680473336,-0.0017751479289940253,0.0,-0.0174825174825175,-0.020979020979021046
RELATHE,3,4322,1729,0.4,40.0,0.9369161200556549,0.8947368421052632,0.9303816338700059,0.8947368421052632,0.9318226992645597,0.9052631578947369,0.9252633671238323,0.8807017543859649,-0.006534486185649002,-0.0050934207910952045,-0.011652752931822663,0.0,0.010526315789473717,-0.01403508771929829
RELATHE,4,4322,1729,0.4,40.0,0.9799741602067182,0.9263157894736842,0.9774398727887099,0.9263157894736842,0.9764957264957265,0.9228070175438596,0.9680232558139535,0.9157894736842105,-0.0025342874180083186,-0.0034784337109917685,-0.011950904392764694,0.0,-0.0035087719298245723,-0.010526315789473717
RELATHE,5,4322,1729,0.4,40.0,0.9544665012406949,0.9087719298245615,0.9536228287841191,0.9052631578947369,0.9524813895781639,0.9052631578947369,0.9526799007444169,0.8947368421052632,-0.0008436724565757947,-0.001985111662531014,-0.0017866004962779902,-0.0035087719298245723,-0.0035087719298245723,-0.01403508771929829
RELATHE,1,4322,1297,0.3,30.0,0.9640285996055228,0.8951048951048951,0.9576429980276134,0.8986013986013986,0.9492110453648915,0.8811188811188811,0.9392998027613413,0.8706293706293706,-0.00638560157790935,-0.014817554240631248,-0.0247287968441815,0.0034965034965035446,-0.013986013986013957,-0.02447552447552448
RELATHE,2,4322,1297,0.3,30.0,0.9716962524654832,0.9230769230769231,0.9681706114398422,0.9230769230769231,0.966198224852071,0.9090909090909091,0.959146942800789,0.9055944055944056,-0.003525641025641013,-0.005498027613412226,-0.012549309664694142,0.0,-0.013986013986014068,-0.0174825174825175
RELATHE,3,4322,1297,0.3,30.0,0.9369161200556549,0.8947368421052632,0.9242446829656131,0.8912280701754386,0.9313009342079109,0.8807017543859649,0.9142317630689722,0.8666666666666667,-0.012671437090041815,-0.005615185847744009,-0.022684356986682697,-0.0035087719298245723,-0.01403508771929829,-0.028070175438596467
RELATHE,4,4322,1297,0.3,30.0,0.9799741602067182,0.9263157894736842,0.9755267342476646,0.9263157894736842,0.9745080500894454,0.9122807017543859,0.9526436096203539,0.8842105263157894,-0.004447425959053675,-0.005466110117272827,-0.027330550586364355,0.0,-0.01403508771929829,-0.04210526315789476
RELATHE,5,4322,1297,0.3,30.0,0.9544665012406949,0.9087719298245615,0.9526302729528536,0.8982456140350877,0.944665012406948,0.8807017543859649,0.9547146401985113,0.9157894736842105,-0.0018362282878412461,-0.009801488833746874,0.0002481389578163906,-0.010526315789473717,-0.02807017543859658,0.007017543859649034
RELATHE,1,4322,864,0.2,20.0,0.9640285996055228,0.8951048951048951,0.9522189349112427,0.9020979020979021,0.9524901380670612,0.8776223776223776,0.9246055226824458,0.8706293706293706,-0.011809664694280131,-0.011538461538461608,-0.039423076923077005,0.006993006993006978,-0.0174825174825175,-0.02447552447552448
RELATHE,2,4322,864,0.2,20.0,0.9716962524654832,0.9230769230769231,0.9659270216962524,0.916083916083916,0.9627465483234714,0.8986013986013986,0.9277120315581854,0.8531468531468531,-0.005769230769230749,-0.008949704142011794,-0.04398422090729781,-0.006993006993007089,-0.02447552447552448,-0.06993006993007
RELATHE,3,4322,864,0.2,20.0,0.9369161200556549,0.8947368421052632,0.9269280461140926,0.8842105263157894,0.9355744384814151,0.8982456140350877,0.9128403895845756,0.8491228070175438,-0.009988073941562314,-0.0013416815742398613,-0.02407573047107936,-0.010526315789473717,0.0035087719298245723,-0.04561403508771933
RELATHE,4,4322,864,0.2,20.0,0.9799741602067182,0.9263157894736842,0.9742844364937387,0.9298245614035088,0.9681723315444246,0.9157894736842105,0.9362701252236135,0.8631578947368421,-0.005689723712979489,-0.011801828662293623,-0.04370403498310471,0.0035087719298245723,-0.010526315789473717,-0.06315789473684208
RELATHE,5,4322,864,0.2,20.0,0.9544665012406949,0.9087719298245615,0.9557071960297767,0.9122807017543859,0.9415632754342432,0.887719298245614,0.9486600496277916,0.8771929824561403,0.001240694789081842,-0.012903225806451646,-0.005806451612903274,0.0035087719298244613,-0.021052631578947434,-0.03157894736842115
RELATHE,1,4322,432,0.1,10.0,0.9640285996055228,0.8951048951048951,0.958974358974359,0.8881118881118881,0.9177268244575937,0.8671328671328671,0.8656311637080868,0.8041958041958042,-0.0050542406311637755,-0.0463017751479291,-0.09839743589743599,-0.006993006993006978,-0.027972027972028024,-0.09090909090909094
RELATHE,2,4322,432,0.1,10.0,0.9716962524654832,0.9230769230769231,0.9610453648915187,0.9230769230769231,0.9550295857988165,0.8916083916083916,0.881188362919132,0.8041958041958042,-0.010650887573964485,-0.01666666666666672,-0.09050788954635114,0.0,-0.03146853146853157,-0.11888111888111896
RELATHE,3,4322,432,0.1,10.0,0.9369161200556549,0.8947368421052632,0.9214370900417411,0.8842105263157894,0.9066537467700259,0.8666666666666667,0.8589246670642019,0.7719298245614035,-0.01547903001391382,-0.030262373285629085,-0.07799145299145305,-0.010526315789473717,-0.028070175438596467,-0.1228070175438597
RELATHE,4,4322,432,0.1,10.0,0.9799741602067182,0.9263157894736842,0.9723464519976147,0.9122807017543859,0.9399721725303122,0.8807017543859649,0.9049393758696084,0.8140350877192982,-0.007627708209103523,-0.04000198767640606,-0.07503478433710986,-0.01403508771929829,-0.04561403508771933,-0.11228070175438598
RELATHE,5,4322,432,0.1,10.0,0.9544665012406949,0.9087719298245615,0.9504218362282879,0.9192982456140351,0.9382630272952853,0.8807017543859649,0.8906451612903227,0.8315789473684211,-0.004044665012406967,-0.016203473945409552,-0.0638213399503722,0.010526315789473606,-0.02807017543859658,-0.07719298245614037
RELATHE,1,4322,216,0.05,5.0,0.9640285996055228,0.8951048951048951,0.9365138067061143,0.8706293706293706,0.9171104536489151,0.8706293706293706,0.8138806706114396,0.7727272727272727,-0.027514792899408502,-0.046918145956607704,-0.15014792899408314,-0.02447552447552448,-0.02447552447552448,-0.1223776223776224
RELATHE,2,4322,216,0.05,5.0,0.9716962524654832,0.9230769230769231,0.9492110453648915,0.916083916083916,0.9251972386587771,0.8566433566433567,0.7951676528599606,0.7342657342657343,-0.022485207100591653,-0.04649901380670607,-0.17652859960552258,-0.006993006993007089,-0.06643356643356646,-0.18881118881118886
RELATHE,3,4322,216,0.05,5.0,0.9369161200556549,0.8947368421052632,0.9188779566686546,0.8842105263157894,0.8908268733850129,0.8526315789473684,0.8127857284834028,0.7614035087719299,-0.018038163387000372,-0.04608924667064207,-0.12413039157225214,-0.010526315789473717,-0.04210526315789476,-0.1333333333333333
RELATHE,4,4322,216,0.05,5.0,0.9799741602067182,0.9263157894736842,0.960494931425164,0.9017543859649123,0.9417859272510436,0.8701754385964913,0.879497117869211,0.8070175438596491,-0.01947922878155428,-0.03818823295567464,-0.1004770423375072,-0.024561403508771895,-0.056140350877192935,-0.11929824561403513
RELATHE,5,4322,216,0.05,5.0,0.9544665012406949,0.9087719298245615,0.9457320099255584,0.8947368421052632,0.8925558312655087,0.8245614035087719,0.8403722084367247,0.775438596491228,-0.008734491315136483,-0.06191066997518613,-0.11409429280397021,-0.01403508771929829,-0.08421052631578951,-0.13333333333333341
