dataset,fold,p,k,feature_ratio,feature_pct,baseline_train_auc,baseline_train_accuracy,baseline_auc,baseline_accuracy,stg_train_auc,stg_train_accuracy,stg_auc,stg_accuracy,lspin_train_auc,lspin_train_accuracy,lspin_auc,lspin_accuracy,stg_auc_delta,lspin_auc_delta,stg_accuracy_delta,lspin_accuracy_delta
Breast,1,24481,24481,1,100,1,1,0.615,0.55,1,1,0.615,0.55,1,1,0.615,0.55,0,0,0,0
Breast,2,24481,24481,1,100,1,1,0.9494949494949495,0.85,1,1,0.9494949494949495,0.85,1,1,0.9494949494949495,0.85,0,0,0,0
Breast,3,24481,24481,1,100,1,1,0.6277777777777777,0.5789473684210527,1,1,0.6277777777777777,0.5789473684210527,1,1,0.6277777777777777,0.5789473684210527,0,0,0,0
Breast,4,24481,24481,1,100,1,1,0.8333333333333333,0.8421052631578947,1,1,0.8333333333333333,0.8421052631578947,1,1,0.8333333333333333,0.8421052631578947,0,0,0,0
Breast,5,24481,24481,1,100,1,1,0.7666666666666667,0.6842105263157895,1,1,0.7666666666666667,0.6842105263157895,1,1,0.7666666666666667,0.6842105263157895,0,0,0,0
Breast,1,24481,22033,0.9,90,1,1,0.615,0.55,1,1,0.63,0.55,1,1,0.63,0.55,0.015000000000000013,0.015000000000000013,0,0
Breast,2,24481,22033,0.9,90,1,1,0.9494949494949495,0.85,1,1,0.9242424242424243,0.85,1,1,0.8737373737373737,0.8,-0.025252525,-0.075757576,0,-0.05
Breast,3,24481,22033,0.9,90,1,1,0.6277777777777777,0.5789473684210527,1,1,0.611111111,0.631578947,1,1,0.6722222222222222,0.5263157894736842,-0.016666667,0.044444444,0.052631579,-0.052631579
Breast,4,24481,22033,0.9,90,1,1,0.8333333333333333,0.8421052631578947,1,1,0.8222222222222222,0.7894736842105263,1,1,0.8555555555555556,0.7894736842105263,-0.011111111,0.022222222222222365,-0.052631579,-0.052631579
Breast,5,24481,22033,0.9,90,1,1,0.7666666666666667,0.6842105263157895,1,1,0.8222222222222222,0.6842105263157895,1,1,0.8222222222222222,0.7368421052631579,0.055555556,0.055555556,0,0.052631579
Breast,1,24481,19585,0.8,80,1,1,0.615,0.55,1,1,0.63,0.55,1,1,0.615,0.55,0.015000000000000013,0,0,0
Breast,2,24481,19585,0.8,80,1,1,0.9494949494949495,0.85,1,1,0.8686868686868687,0.8,1,1,0.8484848484848485,0.8,-0.080808081,-0.101010101,-0.05,-0.05
Breast,3,24481,19585,0.8,80,1,1,0.6277777777777777,0.5789473684210527,1,1,0.6444444444444444,0.631578947,1,1,0.6166666666666667,0.5789473684210527,0.016666667,-0.011111111,0.052631579,0
Breast,4,24481,19585,0.8,80,1,1,0.8333333333333333,0.8421052631578947,1,1,0.8333333333333333,0.7368421052631579,1,1,0.8333333333333333,0.8421052631578947,0,0,-0.105263158,0
Breast,5,24481,19585,0.8,80,1,1,0.7666666666666667,0.6842105263157895,1,1,0.7777777777777779,0.631578947,1,1,0.8111111111111111,0.6842105263157895,0.011111111111111183,0.044444444,-0.052631579,0
Breast,1,24481,17137,0.7,70,1,1,0.615,0.55,1,1,0.62,0.55,1,1,0.62,0.55,0.005,0.005,0,0
Breast,2,24481,17137,0.7,70,1,1,0.9494949494949495,0.85,1,1,0.898989899,0.8,1,1,0.898989899,0.8,-0.050505051,-0.050505051,-0.05,-0.05
Breast,3,24481,17137,0.7,70,1,1,0.6277777777777777,0.5789473684210527,1,1,0.6222222222222222,0.631578947,1,1,0.6055555555555555,0.631578947,-0.005555556,-0.022222222,0.052631579,0.052631579
Breast,4,24481,17137,0.7,70,1,1,0.8333333333333333,0.8421052631578947,1,1,0.8444444444444446,0.7894736842105263,1,1,0.8555555555555555,0.7368421052631579,0.011111111111111294,0.022222222222222254,-0.052631579,-0.105263158
Breast,5,24481,17137,0.7,70,1,1,0.7666666666666667,0.6842105263157895,1,1,0.8111111111111111,0.631578947,1,1,0.8055555555555556,0.6842105263157895,0.044444444,0.038888889,-0.052631579,0
Breast,1,24481,14689,0.6,60,1,1,0.615,0.55,1,1,0.62,0.5,1,1,0.59,0.55,0.005,-0.025,-0.05,0
Breast,2,24481,14689,0.6,60,1,1,0.9494949494949495,0.85,1,1,0.8686868686868687,0.85,1,1,0.9191919191919193,0.8,-0.080808081,-0.03030303,0,-0.05
Breast,3,24481,14689,0.6,60,1,1,0.6277777777777777,0.5789473684210527,1,1,0.6222222222222221,0.631578947,1,1,0.6444444444444444,0.631578947,-0.005555556,0.016666667,0.052631579,0.052631579
Breast,4,24481,14689,0.6,60,1,1,0.8333333333333333,0.8421052631578947,1,1,0.8666666666666667,0.7894736842105263,1,1,0.8,0.7368421052631579,0.033333333,-0.033333333,-0.052631579,-0.105263158
Breast,5,24481,14689,0.6,60,1,1,0.7666666666666667,0.6842105263157895,1,1,0.8111111111111111,0.7368421052631579,1,1,0.8,0.631578947,0.044444444,0.033333333333333326,0.052631579,-0.052631579
Breast,1,24481,12240,0.5,50,1,1,0.615,0.55,1,1,0.55,0.55,1,1,0.59,0.5,-0.065,-0.025,0,-0.05
Breast,2,24481,12240,0.5,50,1,1,0.9494949494949495,0.85,1,1,0.8888888888888888,0.9,1,1,0.8686868686868687,0.7,-0.060606061,-0.080808081,0.050000000000000044,-0.15
Breast,3,24481,12240,0.5,50,1,1,0.6277777777777777,0.5789473684210527,1,1,0.611111111,0.631578947,1,1,0.6388888888888888,0.5789473684210527,-0.016666667,0.011111111111111183,0.052631579,0
Breast,4,24481,12240,0.5,50,1,1,0.8333333333333333,0.8421052631578947,1,1,0.8555555555555556,0.8421052631578947,1,1,0.8333333333333334,0.7368421052631579,0.022222222222222365,1.1102230246251565e-16,0,-0.105263158
Breast,5,24481,12240,0.5,50,1,1,0.7666666666666667,0.6842105263157895,1,1,0.7666666666666667,0.6842105263157895,1,1,0.7833333333333333,0.6842105263157895,0,0.016666666666666607,0,0
Breast,1,24481,9792,0.4,40,1,1,0.615,0.55,1,1,0.6000000000000001,0.55,1,1,0.5599999999999999,0.45,-0.015,-0.055,0,-0.1
Breast,2,24481,9792,0.4,40,1,1,0.9494949494949495,0.85,1,1,0.8686868686868687,0.75,1,1,0.9090909090909092,0.85,-0.080808081,-0.04040404,-0.1,0
Breast,3,24481,9792,0.4,40,1,1,0.6277777777777777,0.5789473684210527,1,1,0.6444444444444444,0.631578947,1,1,0.6333333333333333,0.5789473684210527,0.016666667,0.005555556,0.052631579,0
Breast,4,24481,9792,0.4,40,1,1,0.8333333333333333,0.8421052631578947,1,1,0.8777777777777779,0.7894736842105263,1,1,0.8166666666666667,0.7368421052631579,0.044444444,-0.016666667,-0.052631579,-0.105263158
Breast,5,24481,9792,0.4,40,1,1,0.7666666666666667,0.6842105263157895,1,1,0.8222222222222222,0.7368421052631579,1,1,0.7777777777777778,0.631578947,0.055555556,0.011111111111111072,0.052631579,-0.052631579
Breast,1,24481,7344,0.3,30,1,1,0.615,0.55,1,1,0.63,0.55,1,1,0.65,0.6,0.015000000000000013,0.035,0,0.05
Breast,2,24481,7344,0.3,30,1,1,0.9494949494949495,0.85,1,1,0.8282828282828283,0.8,1,1,0.8737373737373738,0.8,-0.121212121,-0.075757576,-0.05,-0.05
Breast,3,24481,7344,0.3,30,1,1,0.6277777777777777,0.5789473684210527,1,1,0.6555555555555557,0.631578947,1,1,0.6222222222222222,0.47368421052631576,0.027777777777778012,-0.005555556,0.052631579,-0.105263158
Breast,4,24481,7344,0.3,30,1,1,0.8333333333333333,0.8421052631578947,1,1,0.8444444444444444,0.7894736842105263,1,1,0.8333333333333334,0.8421052631578947,0.011111111111111183,1.1102230246251565e-16,-0.052631579,0
Breast,5,24481,7344,0.3,30,1,1,0.7666666666666667,0.6842105263157895,1,1,0.7666666666666667,0.631578947,1,1,0.7777777777777779,0.7368421052631579,0,0.011111111111111183,-0.052631579,0.052631579
Breast,1,24481,4896,0.2,20,1,1,0.615,0.55,1,1,0.655,0.5,1,1,0.6,0.5,0.040000000000000036,-0.015,-0.05,-0.05
Breast,2,24481,4896,0.2,20,1,1,0.9494949494949495,0.85,1,1,0.8989898989898989,0.85,1,1,0.9292929292929293,0.8,-0.050505051,-0.02020202,0,-0.05
Breast,3,24481,4896,0.2,20,1,1,0.6277777777777777,0.5789473684210527,1,1,0.6444444444444445,0.5789473684210527,1,1,0.6500000000000001,0.5789473684210527,0.016666667,0.022222222222222476,0,0
Breast,4,24481,4896,0.2,20,1,1,0.8333333333333333,0.8421052631578947,1,1,0.9333333333333333,0.7894736842105263,1,1,0.8666666666666667,0.7894736842105263,0.10000000000000009,0.033333333,-0.052631579,-0.052631579
Breast,5,24481,4896,0.2,20,1,1,0.7666666666666667,0.6842105263157895,1,1,0.7722222222222223,0.631578947,1,1,0.7777777777777778,0.631578947,0.005555556,0.011111111111111072,-0.052631579,-0.052631579
Breast,1,24481,2448,0.1,10,1,1,0.615,0.55,1,1,0.61,0.55,1,1,0.5850000000000001,0.5,-0.005,-0.03,0,-0.05
Breast,2,24481,2448,0.1,10,1,1,0.9494949494949495,0.85,1,1,0.9090909090909091,0.75,1,1,0.8787878787878788,0.8,-0.04040404,-0.070707071,-0.1,-0.05
Breast,3,24481,2448,0.1,10,1,1,0.6277777777777777,0.5789473684210527,1,1,0.5777777777777777,0.5263157894736842,1,1,0.611111111,0.5789473684210527,-0.05,-0.016666667,-0.052631579,0
Breast,4,24481,2448,0.1,10,1,1,0.8333333333333333,0.8421052631578947,1,1,0.8444444444444446,0.8947368421052632,1,1,0.8888888888888888,0.8421052631578947,0.011111111111111294,0.055555556,0.052631578947368474,0
Breast,5,24481,2448,0.1,10,1,1,0.7666666666666667,0.6842105263157895,1,1,0.8111111111111111,0.6842105263157895,1,1,0.8,0.7368421052631579,0.044444444,0.033333333333333326,0,0.052631579
Breast,1,24481,1224,0.05,5,1,1,0.615,0.55,1,1,0.5700000000000001,0.45,1,1,0.5499999999999999,0.55,-0.045,-0.065,-0.1,0
Breast,2,24481,1224,0.05,5,1,1,0.9494949494949495,0.85,1,1,0.8383838383838383,0.75,1,1,0.9141414141414143,0.85,-0.111111111,-0.035353535,-0.1,0
Breast,3,24481,1224,0.05,5,1,1,0.6277777777777777,0.5789473684210527,1,1,0.6111111111111112,0.5789473684210527,1,1,0.6055555555555555,0.631578947,-0.016666667,-0.022222222,0,0.052631579
Breast,4,24481,1224,0.05,5,1,1,0.8333333333333333,0.8421052631578947,1,1,0.8444444444444444,0.7894736842105263,1,1,0.8888888888888888,0.8947368421052632,0.011111111111111183,0.055555556,-0.052631579,0.052631578947368474
Breast,5,24481,1224,0.05,5,1,1,0.7666666666666667,0.6842105263157895,1,1,0.8111111111111111,0.6842105263157895,1,1,0.688888889,0.631578947,0.044444444,-0.077777778,0,-0.052631579
madelon,1,500,500,1,100,1,1,0.7570118343195266,0.6884615384615385,1,1,0.7570118343195266,0.6884615384615385,1,1,0.7570118343195266,0.6884615384615385,0,0,0,0
madelon,2,500,500,1,100,1,1,0.7416124260355029,0.6673076923076923,1,1,0.7416124260355029,0.6673076923076923,1,1,0.7416124260355029,0.6673076923076923,0,0,0,0
madelon,3,500,500,1,100,1,1,0.7916568047337278,0.7173076923076923,1,1,0.7916568047337278,0.7173076923076923,1,1,0.7916568047337278,0.7173076923076923,0,0,0,0
madelon,4,500,500,1,100,1,1,0.788017751,0.7288461538461538,1,1,0.788017751,0.7288461538461538,1,1,0.788017751,0.7288461538461538,0,0,0,0
madelon,5,500,500,1,100,1,1,0.7575221893491124,0.6942307692307692,1,1,0.7575221893491124,0.6942307692307692,1,1,0.7575221893491124,0.6942307692307692,0,0,0,0
madelon,1,500,450,0.9,90,1,1,0.7570118343195266,0.6884615384615385,1,1,0.7642529585798815,0.6942307692307692,1,1,0.7424038461538461,0.6673076923076923,0.007241124,-0.014607988,0.005769231,-0.021153846
madelon,2,500,450,0.9,90,1,1,0.7416124260355029,0.6673076923076923,1,1,0.7509097633136094,0.675,1,1,0.742758876,0.6653846153846154,0.009297337,0.00114645,0.007692308,-0.001923077
madelon,3,500,450,0.9,90,1,1,0.7916568047337278,0.7173076923076923,1,1,0.7879215976331361,0.725,1,1,0.7894600591715977,0.7192307692307692,-0.003735207,-0.002196746,0.007692308,0.001923077
madelon,4,500,450,0.9,90,1,1,0.788017751,0.7288461538461538,1,1,0.8011316568047336,0.7134615384615385,1,1,0.8029437869822486,0.725,0.013113905325443653,0.014926035502958568,-0.015384615,-0.003846154
madelon,5,500,450,0.9,90,1,1,0.7575221893491124,0.6942307692307692,1,1,0.7557100591715976,0.6692307692307692,1,1,0.7588757396449702,0.6711538461538461,-0.00181213,0.00135355,-0.025,-0.023076923
madelon,1,500,400,0.8,80,1,1,0.7570118343195266,0.6884615384615385,1,1,0.7720192307692307,0.7019230769230769,1,1,0.7487426035502959,0.6673076923076923,0.015007396449704169,-0.008269231,0.013461538461538414,-0.021153846
madelon,2,500,400,0.8,80,1,1,0.7416124260355029,0.6673076923076923,1,1,0.7556286982248521,0.6846153846153846,1,1,0.7489940828402366,0.65,0.014016272,0.007381657,0.017307692307692357,-0.017307692
madelon,3,500,400,0.8,80,1,1,0.7916568047337278,0.7173076923076923,1,1,0.7976775147928994,0.7211538461538461,1,1,0.771301775,0.698076923,0.00602071,-0.02035503,0.003846154,-0.019230769
madelon,4,500,400,0.8,80,1,1,0.788017751,0.7288461538461538,1,1,0.8065532544378698,0.7211538461538461,1,1,0.7982618343195267,0.7096153846153846,0.018535502958579864,0.010244082840236701,-0.007692308,-0.019230769
madelon,5,500,400,0.8,80,1,1,0.7575221893491124,0.6942307692307692,1,1,0.775414201,0.6884615384615385,1,1,0.7695931952662722,0.6653846153846154,0.017892011834319543,0.012071005917159816,-0.005769231,-0.028846154
madelon,1,500,350,0.7,70,1,1,0.7570118343195266,0.6884615384615385,1,1,0.7859541420118343,0.7115384615384616,1,1,0.7284467455621302,0.6596153846153846,0.028942307692307767,-0.028565089,0.023076923076923106,-0.028846154
madelon,2,500,350,0.7,70,1,1,0.7416124260355029,0.6673076923076923,1,1,0.7338535502958579,0.6692307692307692,1,1,0.71885355,0.6596153846153846,-0.007758876,-0.022758876,0.001923077,-0.007692308
madelon,3,500,350,0.7,70,1,1,0.7916568047337278,0.7173076923076923,1,1,0.8105991124260354,0.75,1,1,0.7667899408284025,0.6807692307692308,0.018942307692307647,-0.024866864,0.032692308,-0.036538462
madelon,4,500,350,0.7,70,1,1,0.788017751,0.7288461538461538,1,1,0.797758876,0.7307692307692307,1,1,0.8092529585798817,0.7192307692307692,0.009741124,0.021235207,0.001923077,-0.009615385
madelon,5,500,350,0.7,70,1,1,0.7575221893491124,0.6942307692307692,1,1,0.7890532544378697,0.7,1,1,0.7577366863905326,0.6788461538461539,0.031531065,0.000214497,0.005769231,-0.015384615
madelon,1,500,300,0.6,60,1,1,0.7570118343195266,0.6884615384615385,1,1,0.7848076923076923,0.7038461538461539,1,1,0.7442307692307693,0.6807692307692308,0.027795858,-0.012781065,0.015384615384615441,-0.007692308
madelon,2,500,300,0.6,60,1,1,0.7416124260355029,0.6673076923076923,1,1,0.746775148,0.6634615384615384,1,1,0.7445857988165681,0.6673076923076923,0.005162722,0.002973373,-0.003846154,0
madelon,3,500,300,0.6,60,1,1,0.7916568047337278,0.7173076923076923,1,1,0.8202662721893491,0.7403846153846154,1,1,0.7515754437869823,0.676923077,0.028609467455621318,-0.040081361,0.023076923076923106,-0.040384615
madelon,4,500,300,0.6,60,1,1,0.788017751,0.7288461538461538,1,1,0.8287721893491126,0.7480769230769231,1,1,0.8051923076923077,0.7346153846153847,0.040754438,0.017174556213017667,0.019230769230769273,0.005769231
madelon,5,500,300,0.6,60,1,1,0.7575221893491124,0.6942307692307692,1,1,0.8109763313609468,0.7096153846153846,1,1,0.7656508875739645,0.676923077,0.053454142011834405,0.008128698,0.015384615384615441,-0.017307692
madelon,1,500,250,0.5,50,1,1,0.7570118343195266,0.6884615384615385,1,1,0.801723373,0.7153846153846154,1,1,0.7341346153846154,0.6653846153846154,0.044711538461538414,-0.022877219,0.026923077,-0.023076923
madelon,2,500,250,0.5,50,1,1,0.7416124260355029,0.6673076923076923,1,1,0.7688979289940827,0.6903846153846154,1,1,0.7487352071005917,0.6730769230769231,0.027285502958579788,0.007122781,0.023076923076923106,0.005769231
madelon,3,500,250,0.5,50,1,1,0.7916568047337278,0.7173076923076923,1,1,0.8049260355029586,0.7384615384615385,1,1,0.7666863905325443,0.6865384615384615,0.013269230769230811,-0.024970414,0.021153846,-0.030769231
madelon,4,500,250,0.5,50,1,1,0.788017751,0.7288461538461538,1,1,0.8246523668639052,0.7480769230769231,1,1,0.7903550295857988,0.7096153846153846,0.036634615,0.002337278,0.019230769230769273,-0.019230769
madelon,5,500,250,0.5,50,1,1,0.7575221893491124,0.6942307692307692,1,1,0.8190014792899408,0.7288461538461538,1,1,0.7597559171597633,0.6692307692307692,0.06147929,0.002233728,0.034615385,-0.025
madelon,1,500,200,0.4,40,1,1,0.7570118343195266,0.6884615384615385,1,1,0.8271597633136095,0.75,1,1,0.6837278106508876,0.6211538461538462,0.070147929,-0.073284024,0.061538462,-0.067307692
madelon,2,500,200,0.4,40,1,1,0.7416124260355029,0.6673076923076923,1,1,0.7666272189349113,0.6903846153846154,1,1,0.7269600591715976,0.6442307692307693,0.025014792899408334,-0.014652367,0.023076923076923106,-0.023076923
madelon,3,500,200,0.4,40,1,1,0.7916568047337278,0.7173076923076923,1,1,0.7968565088757397,0.7192307692307692,1,1,0.7965976331360947,0.7269230769230769,0.005199704,0.004940828,0.001923077,0.009615385
madelon,4,500,200,0.4,40,1,1,0.788017751,0.7288461538461538,1,1,0.8397115384615386,0.7576923076923077,1,1,0.7448224852071006,0.676923077,0.051693787,-0.043195266,0.028846153846153855,-0.051923077
madelon,5,500,200,0.4,40,1,1,0.7575221893491124,0.6942307692307692,1,1,0.8214423076923077,0.7365384615384616,1,1,0.7750887573964498,0.6865384615384615,0.063920118,0.017566568,0.042307692,-0.007692308
madelon,1,500,150,0.3,30,1,1,0.7570118343195266,0.6884615384615385,1,1,0.8451183431952662,0.775,1,1,0.735784024,0.6884615384615385,0.088106509,-0.021227811,0.086538462,0
madelon,2,500,150,0.3,30,1,1,0.7416124260355029,0.6673076923076923,1,1,0.7861168639053255,0.6942307692307692,1,1,0.7394156804733727,0.675,0.044504438,-0.002196746,0.026923077,0.007692308
madelon,3,500,150,0.3,30,1,1,0.7916568047337278,0.7173076923076923,1,1,0.8411834319526628,0.7596153846153846,1,1,0.7619008875739645,0.7,0.049526627,-0.029755917,0.042307692,-0.017307692
madelon,4,500,150,0.3,30,1,1,0.788017751,0.7288461538461538,1,1,0.854423077,0.7557692307692307,1,1,0.74375,0.6673076923076923,0.066405325,-0.044267751,0.026923077,-0.061538462
madelon,5,500,150,0.3,30,1,1,0.7575221893491124,0.6942307692307692,1,1,0.8363609467455622,0.7442307692307693,1,1,0.7133357988165681,0.6461538461538462,0.078838757,-0.044186391,0.050000000000000044,-0.048076923
madelon,1,500,100,0.2,20,1,1,0.7570118343195266,0.6884615384615385,1,1,0.8908431952662723,0.8288461538461539,1,1,0.7599260355029586,0.6961538461538461,0.13383136094674575,0.002914201,0.14038461538461544,0.007692308
madelon,2,500,100,0.2,20,1,1,0.7416124260355029,0.6673076923076923,1,1,0.8087056213017753,0.7269230769230769,1,1,0.7136686390532544,0.6384615384615384,0.067093195,-0.027943787,0.059615384615384626,-0.028846154
madelon,3,500,100,0.2,20,1,1,0.7916568047337278,0.7173076923076923,1,1,0.8719082840236687,0.7730769230769231,1,1,0.7727366863905325,0.6942307692307692,0.080251479,-0.018920118,0.055769231,-0.023076923
madelon,4,500,100,0.2,20,1,1,0.788017751,0.7288461538461538,1,1,0.8905473372781064,0.7903846153846154,1,1,0.7411538461538462,0.675,0.10252958579881644,-0.046863905,0.061538462,-0.053846154
madelon,5,500,100,0.2,20,1,1,0.7575221893491124,0.6942307692307692,1,1,0.812189349,0.7057692307692308,1,1,0.6834097633136094,0.6442307692307693,0.05466716,-0.074112426,0.011538461538461608,-0.05
madelon,1,500,50,0.1,10,1,1,0.7570118343195266,0.6884615384615385,1,1,0.8618786982248521,0.7903846153846154,1,1,0.7378328402366864,0.6730769230769231,0.10486686390532551,-0.019178994,0.1019230769230769,-0.015384615
madelon,2,500,50,0.1,10,1,1,0.7416124260355029,0.6673076923076923,1,1,0.852026627,0.7653846153846153,1,1,0.5899186390532544,0.573076923,0.11041420118343204,-0.151693787,0.098076923,-0.094230769
madelon,3,500,50,0.1,10,1,1,0.7916568047337278,0.7173076923076923,1,1,0.9101701183431954,0.8423076923076923,1,1,0.6771079881656805,0.6403846153846153,0.1185133136094676,-0.114548817,0.125,-0.076923077
madelon,4,500,50,0.1,10,1,1,0.788017751,0.7288461538461538,1,1,0.9231286982248521,0.8346153846153846,1,1,0.7362721893491123,0.6653846153846154,0.13511094674556212,-0.051745562,0.10576923076923084,-0.063461538
madelon,5,500,50,0.1,10,1,1,0.7575221893491124,0.6942307692307692,1,1,0.8936686390532543,0.8115384615384615,1,1,0.6550665680473373,0.6288461538461538,0.13614644970414191,-0.102455621,0.11730769230769234,-0.065384615
madelon,1,500,25,0.05,5,1,1,0.7570118343195266,0.6884615384615385,1,1,0.9166715976331362,0.8480769230769231,1,1,0.6120710059171598,0.575,0.15965976331360965,-0.144940828,0.1596153846153846,-0.113461538
madelon,2,500,25,0.05,5,1,1,0.7416124260355029,0.6673076923076923,1,1,0.8572411242603549,0.7653846153846153,1,1,0.49586538461538465,0.49423076923076925,0.115628698,-0.245747041,0.098076923,-0.173076923
madelon,3,500,25,0.05,5,1,1,0.7916568047337278,0.7173076923076923,1,1,0.943897929,0.875,1,1,0.7265532544378698,0.6576923076923077,0.1522411242603552,-0.06510355,0.1576923076923077,-0.059615385
madelon,4,500,25,0.05,5,1,1,0.788017751,0.7288461538461538,1,1,0.9205621301775148,0.8326923076923077,1,1,0.6868343195266272,0.6480769230769231,0.13254437869822477,-0.101183432,0.10384615384615392,-0.080769231
madelon,5,500,25,0.05,5,1,1,0.7575221893491124,0.6942307692307692,1,1,0.9066863905325444,0.8423076923076923,1,1,0.6041789940828403,0.5788461538461539,0.149164201,-0.153343195,0.1480769230769231,-0.115384615
SMK-CAN-187,1,19993,19993,1,100,1,1,0.8680555555555556,0.7631578947368421,1,1,0.8680555555555556,0.7631578947368421,1,1,0.8680555555555556,0.7631578947368421,0,0,0,0
SMK-CAN-187,2,19993,19993,1,100,1,1,0.7736111111111111,0.7368421052631579,1,1,0.7736111111111111,0.7368421052631579,1,1,0.7736111111111111,0.7368421052631579,0,0,0,0
SMK-CAN-187,3,19993,19993,1,100,1,1,0.7090643274853802,0.7027027027027027,1,1,0.7090643274853802,0.7027027027027027,1,1,0.7090643274853802,0.7027027027027027,0,0,0,0
SMK-CAN-187,4,19993,19993,1,100,1,1,0.7631578947368421,0.6756756756756757,1,1,0.7631578947368421,0.6756756756756757,1,1,0.7631578947368421,0.6756756756756757,0,0,0,0
SMK-CAN-187,5,19993,19993,1,100,1,1,0.6242690058479532,0.5405405405405406,1,1,0.6242690058479532,0.5405405405405406,1,1,0.6242690058479532,0.5405405405405406,0,0,0,0
SMK-CAN-187,1,19993,17994,0.9,90,1,1,0.8680555555555556,0.7631578947368421,1,1,0.8694444444444444,0.7894736842105263,1,1,0.8638888888888889,0.7368421052631579,0.001388889,-0.004166667,0.026315789,-0.026315789
SMK-CAN-187,2,19993,17994,0.9,90,1,1,0.7736111111111111,0.7368421052631579,1,1,0.7763888888888889,0.7368421052631579,1,1,0.776388889,0.7631578947368421,0.002777778,0.002777778,0,0.026315789473684292
SMK-CAN-187,3,19993,17994,0.9,90,1,1,0.7090643274853802,0.7027027027027027,1,1,0.6900584795321638,0.6756756756756757,1,1,0.7119883040935672,0.7027027027027027,-0.019005848,0.002923977,-0.027027027,0
SMK-CAN-187,4,19993,17994,0.9,90,1,1,0.7631578947368421,0.6756756756756757,1,1,0.7850877192982456,0.7027027027027027,1,1,0.7573099415204678,0.6756756756756757,0.021929824561403466,-0.005847953,0.027027027027027084,0
SMK-CAN-187,5,19993,17994,0.9,90,1,1,0.6242690058479532,0.5405405405405406,1,1,0.6505847953216375,0.5405405405405406,1,1,0.6257309941520468,0.5135135135135135,0.026315789473684292,0.001461988,0,-0.027027027
SMK-CAN-187,1,19993,15994,0.8,80,1,1,0.8680555555555556,0.7631578947368421,1,1,0.8652777777777777,0.8157894736842105,1,1,0.8777777777777778,0.7894736842105263,-0.002777778,0.009722222,0.052631579,0.026315789
SMK-CAN-187,2,19993,15994,0.8,80,1,1,0.7736111111111111,0.7368421052631579,1,1,0.7847222222222223,0.7368421052631579,1,1,0.8041666666666667,0.7105263157894737,0.011111111111111183,0.030555555555555558,0,-0.026315789
SMK-CAN-187,3,19993,15994,0.8,80,1,1,0.7090643274853802,0.7027027027027027,1,1,0.7134502923976608,0.7027027027027027,1,1,0.685672515,0.6486486486486487,0.004385965,-0.023391813,0,-0.054054054
SMK-CAN-187,4,19993,15994,0.8,80,1,1,0.7631578947368421,0.6756756756756757,1,1,0.7894736842105263,0.7567567567567568,1,1,0.7777777777777778,0.7027027027027027,0.026315789,0.014619883040935644,0.081081081,0.027027027027027084
SMK-CAN-187,5,19993,15994,0.8,80,1,1,0.6242690058479532,0.5405405405405406,1,1,0.6242690058479532,0.5405405405405406,1,1,0.6271929824561404,0.5675675675675675,0,0.002923977,0,0.027027027027026973
SMK-CAN-187,1,19993,13995,0.7,70,1,1,0.8680555555555556,0.7631578947368421,1,1,0.8791666666666667,0.7894736842105263,1,1,0.8750000000000001,0.7368421052631579,0.011111111111111072,0.006944444,0.026315789,-0.026315789
SMK-CAN-187,2,19993,13995,0.7,70,1,1,0.7736111111111111,0.7368421052631579,1,1,0.7694444444444444,0.7368421052631579,1,1,0.8041666666666667,0.7368421052631579,-0.004166667,0.030555555555555558,0,0
SMK-CAN-187,3,19993,13995,0.7,70,1,1,0.7090643274853802,0.7027027027027027,1,1,0.7266081871345029,0.7297297297297297,1,1,0.7222222222222222,0.7027027027027027,0.01754386,0.013157894736842035,0.027027027027026973,0
SMK-CAN-187,4,19993,13995,0.7,70,1,1,0.7631578947368421,0.6756756756756757,1,1,0.7675438596491229,0.7297297297297297,1,1,0.7631578947368421,0.6756756756756757,0.004385965,0,0.054054054,0
SMK-CAN-187,5,19993,13995,0.7,70,1,1,0.6242690058479532,0.5405405405405406,1,1,0.5964912280701754,0.5405405405405406,1,1,0.6432748538011697,0.5405405405405406,-0.027777778,0.019005848,0,0
SMK-CAN-187,1,19993,11996,0.6,60,1,1,0.8680555555555556,0.7631578947368421,1,1,0.8986111111111111,0.7894736842105263,1,1,0.8694444444444445,0.7894736842105263,0.030555555555555558,0.001388889,0.026315789,0.026315789
SMK-CAN-187,2,19993,11996,0.6,60,1,1,0.7736111111111111,0.7368421052631579,1,1,0.7958333333333333,0.7631578947368421,1,1,0.7833333333333333,0.7105263157894737,0.022222222222222143,0.009722222,0.026315789473684292,-0.026315789
SMK-CAN-187,3,19993,11996,0.6,60,1,1,0.7090643274853802,0.7027027027027027,1,1,0.7134502923976608,0.6756756756756757,1,1,0.6798245614035088,0.6756756756756757,0.004385965,-0.029239766,-0.027027027,-0.027027027
SMK-CAN-187,4,19993,11996,0.6,60,1,1,0.7631578947368421,0.6756756756756757,1,1,0.7543859649122807,0.6756756756756757,1,1,0.7733918128654971,0.6756756756756757,-0.00877193,0.010233918128654929,0,0
SMK-CAN-187,5,19993,11996,0.6,60,1,1,0.6242690058479532,0.5405405405405406,1,1,0.631578947,0.5135135135135135,1,1,0.621345029,0.5405405405405406,0.007309942,-0.002923977,-0.027027027,0
SMK-CAN-187,1,19993,9996,0.5,50,1,1,0.8680555555555556,0.7631578947368421,1,1,0.8875000000000001,0.7894736842105263,1,1,0.875,0.7631578947368421,0.019444444444444486,0.006944444,0.026315789,0
SMK-CAN-187,2,19993,9996,0.5,50,1,1,0.7736111111111111,0.7368421052631579,1,1,0.7972222222222223,0.7631578947368421,1,1,0.8111111111111111,0.7368421052631579,0.023611111111111138,0.0375,0.026315789473684292,0
SMK-CAN-187,3,19993,9996,0.5,50,1,1,0.7090643274853802,0.7027027027027027,1,1,0.7017543859649122,0.6756756756756757,1,1,0.6798245614035087,0.6486486486486487,-0.007309942,-0.029239766,-0.027027027,-0.054054054
SMK-CAN-187,4,19993,9996,0.5,50,1,1,0.7631578947368421,0.6756756756756757,1,1,0.7587719298245614,0.7297297297297297,1,1,0.7660818713450293,0.6756756756756757,-0.004385965,0.002923977,0.054054054,0
SMK-CAN-187,5,19993,9996,0.5,50,1,1,0.6242690058479532,0.5405405405405406,1,1,0.6169590643274854,0.5675675675675675,1,1,0.6228070175438596,0.5405405405405406,-0.007309942,-0.001461988,0.027027027027026973,0
SMK-CAN-187,1,19993,7997,0.4,40,1,1,0.8680555555555556,0.7631578947368421,1,1,0.8763888888888889,0.7631578947368421,1,1,0.8902777777777777,0.7631578947368421,0.008333333,0.022222222222222143,0,0
SMK-CAN-187,2,19993,7997,0.4,40,1,1,0.7736111111111111,0.7368421052631579,1,1,0.7805555555555556,0.7631578947368421,1,1,0.7930555555555556,0.7631578947368421,0.006944444,0.019444444444444486,0.026315789473684292,0.026315789473684292
SMK-CAN-187,3,19993,7997,0.4,40,1,1,0.7090643274853802,0.7027027027027027,1,1,0.6988304093567252,0.7027027027027027,1,1,0.7207602339181286,0.6756756756756757,-0.010233918,0.011695906432748426,0,-0.027027027
SMK-CAN-187,4,19993,7997,0.4,40,1,1,0.7631578947368421,0.6756756756756757,1,1,0.7748538011695907,0.7027027027027027,1,1,0.770467836,0.6756756756756757,0.011695906432748537,0.007309942,0.027027027027027084,0
SMK-CAN-187,5,19993,7997,0.4,40,1,1,0.6242690058479532,0.5405405405405406,1,1,0.6242690058479532,0.5405405405405406,1,1,0.618421053,0.5135135135135135,0,-0.005847953,0,-0.027027027
SMK-CAN-187,1,19993,5998,0.3,30,1,1,0.8680555555555556,0.7631578947368421,1,1,0.8763888888888889,0.7894736842105263,1,1,0.8597222222222223,0.7894736842105263,0.008333333,-0.008333333,0.026315789,0.026315789
SMK-CAN-187,2,19993,5998,0.3,30,1,1,0.7736111111111111,0.7368421052631579,1,1,0.7777777777777778,0.7368421052631579,1,1,0.7930555555555556,0.7105263157894737,0.004166667,0.019444444444444486,0,-0.026315789
SMK-CAN-187,3,19993,5998,0.3,30,1,1,0.7090643274853802,0.7027027027027027,1,1,0.695906433,0.6756756756756757,1,1,0.6871345029239766,0.6486486486486487,-0.013157895,-0.021929825,-0.027027027,-0.054054054
SMK-CAN-187,4,19993,5998,0.3,30,1,1,0.7631578947368421,0.6756756756756757,1,1,0.7719298245614035,0.7027027027027027,1,1,0.7690058479532164,0.7027027027027027,0.00877193,0.005847953,0.027027027027027084,0.027027027027027084
SMK-CAN-187,5,19993,5998,0.3,30,1,1,0.6242690058479532,0.5405405405405406,1,1,0.6198830409356725,0.5675675675675675,1,1,0.6154970760233918,0.5405405405405406,-0.004385965,-0.00877193,0.027027027027026973,0
SMK-CAN-187,1,19993,3999,0.2,20,1,1,0.8680555555555556,0.7631578947368421,1,1,0.8763888888888889,0.7631578947368421,1,1,0.8875000000000001,0.7894736842105263,0.008333333,0.019444444444444486,0,0.026315789
SMK-CAN-187,2,19993,3999,0.2,20,1,1,0.7736111111111111,0.7368421052631579,1,1,0.7930555555555556,0.7105263157894737,1,1,0.8041666666666667,0.7105263157894737,0.019444444444444486,0.030555555555555558,-0.026315789,-0.026315789
SMK-CAN-187,3,19993,3999,0.2,20,1,1,0.7090643274853802,0.7027027027027027,1,1,0.6842105263157895,0.6216216216216216,1,1,0.7105263157894737,0.7027027027027027,-0.024853801,0.001461988,-0.081081081,0
SMK-CAN-187,4,19993,3999,0.2,20,1,1,0.7631578947368421,0.6756756756756757,1,1,0.7529239766081871,0.7297297297297297,1,1,0.7777777777777778,0.7027027027027027,-0.010233918,0.014619883040935644,0.054054054,0.027027027027027084
SMK-CAN-187,5,19993,3999,0.2,20,1,1,0.6242690058479532,0.5405405405405406,1,1,0.6286549707602339,0.5675675675675675,1,1,0.6286549707602339,0.5405405405405406,0.004385965,0.004385965,0.027027027027026973,0
SMK-CAN-187,1,19993,1999,0.1,10,1,1,0.8680555555555556,0.7631578947368421,1,1,0.8944444444444445,0.8157894736842105,1,1,0.8541666666666666,0.8157894736842105,0.026388888888888906,-0.013888889,0.052631579,0.052631579
SMK-CAN-187,2,19993,1999,0.1,10,1,1,0.7736111111111111,0.7368421052631579,1,1,0.7722222222222223,0.6842105263157895,1,1,0.7916666666666666,0.7368421052631579,-0.001388889,0.018055556,-0.052631579,0
SMK-CAN-187,3,19993,1999,0.1,10,1,1,0.7090643274853802,0.7027027027027027,1,1,0.6710526315789473,0.6486486486486487,1,1,0.685672515,0.7027027027027027,-0.038011696,-0.023391813,-0.054054054,0
SMK-CAN-187,4,19993,1999,0.1,10,1,1,0.7631578947368421,0.6756756756756757,1,1,0.7616959064327485,0.6756756756756757,1,1,0.7880116959064327,0.7567567567567568,-0.001461988,0.024853801169590573,0,0.081081081
SMK-CAN-187,5,19993,1999,0.1,10,1,1,0.6242690058479532,0.5405405405405406,1,1,0.631578947,0.5405405405405406,1,1,0.6403508771929824,0.5675675675675675,0.007309942,0.016081871345029253,0,0.027027027027026973
SMK-CAN-187,1,19993,1000,0.05,5,1,1,0.8680555555555556,0.7631578947368421,1,1,0.8666666666666666,0.8157894736842105,1,1,0.875,0.7894736842105263,-0.001388889,0.006944444,0.052631579,0.026315789
SMK-CAN-187,2,19993,1000,0.05,5,1,1,0.7736111111111111,0.7368421052631579,1,1,0.763888889,0.7368421052631579,1,1,0.7944444444444445,0.7368421052631579,-0.009722222,0.020833333,0,0
SMK-CAN-187,3,19993,1000,0.05,5,1,1,0.7090643274853802,0.7027027027027027,1,1,0.7207602339181286,0.6756756756756757,1,1,0.6944444444444444,0.7027027027027027,0.011695906432748426,-0.014619883,-0.027027027,0
SMK-CAN-187,4,19993,1000,0.05,5,1,1,0.7631578947368421,0.6756756756756757,1,1,0.7646198830409356,0.7027027027027027,1,1,0.7690058479532164,0.7027027027027027,0.001461988,0.005847953,0.027027027027027084,0.027027027027027084
SMK-CAN-187,5,19993,1000,0.05,5,1,1,0.6242690058479532,0.5405405405405406,1,1,0.618421053,0.5405405405405406,1,1,0.6345029239766082,0.5405405405405406,-0.005847953,0.010233918,0,0
colon,1,2000,2000,1,100,1,1,0.95,0.8461538461538461,1,1,0.95,0.8461538461538461,1,1,0.95,0.8461538461538461,0,0,0,0
colon,2,2000,2000,1,100,1,1,0.975,0.8461538461538461,1,1,0.975,0.8461538461538461,1,1,0.975,0.8461538461538461,0,0,0,0
colon,3,2000,2000,1,100,1,1,0.8125,0.6666666666666666,1,1,0.8125,0.6666666666666666,1,1,0.8125,0.6666666666666666,0,0,0,0
colon,4,2000,2000,1,100,1,1,0.9375,0.8333333333333334,1,1,0.9375,0.8333333333333334,1,1,0.9375,0.8333333333333334,0,0,0,0
colon,5,2000,2000,1,100,1,1,1,0.8333333333333334,1,1,1,0.8333333333333334,1,1,1,0.8333333333333334,0,0,0,0
colon,1,2000,1800,0.9,90,1,1,0.95,0.8461538461538461,1,1,0.95,0.7692307692307693,1,1,0.975,0.9230769230769231,0,0.025000000000000022,-0.076923077,0.076923077
colon,2,2000,1800,0.9,90,1,1,0.975,0.8461538461538461,1,1,0.95,0.8461538461538461,1,1,0.975,0.8461538461538461,-0.025,0,0,0
colon,3,2000,1800,0.9,90,1,1,0.8125,0.6666666666666666,1,1,0.8125,0.75,1,1,0.8125,0.6666666666666666,0,0,0.083333333,0
colon,4,2000,1800,0.9,90,1,1,0.9375,0.8333333333333334,1,1,0.90625,0.8333333333333334,1,1,0.875,0.8333333333333334,-0.03125,-0.0625,0,0
colon,5,2000,1800,0.9,90,1,1,1,0.8333333333333334,1,1,1,0.9166666666666666,1,1,1,0.8333333333333334,0,0,0.083333333,0
colon,1,2000,1600,0.8,80,1,1,0.95,0.8461538461538461,1,1,0.95,0.7692307692307693,1,1,0.975,0.8461538461538461,0,0.025000000000000022,-0.076923077,0
colon,2,2000,1600,0.8,80,1,1,0.975,0.8461538461538461,1,1,0.975,0.8461538461538461,1,1,0.975,0.8461538461538461,0,0,0,0
colon,3,2000,1600,0.8,80,1,1,0.8125,0.6666666666666666,1,1,0.84375,0.6666666666666666,1,1,0.765625,0.6666666666666666,0.03125,-0.046875,0,0
colon,4,2000,1600,0.8,80,1,1,0.9375,0.8333333333333334,1,1,0.875,0.8333333333333334,1,1,0.875,0.8333333333333334,-0.0625,-0.0625,0,0
colon,5,2000,1600,0.8,80,1,1,1,0.8333333333333334,1,1,1,0.9166666666666666,1,1,1,0.8333333333333334,0,0,0.083333333,0
colon,1,2000,1400,0.7,70,1,1,0.95,0.8461538461538461,1,1,0.95,0.8461538461538461,1,1,0.975,0.8461538461538461,0,0.025000000000000022,0,0
colon,2,2000,1400,0.7,70,1,1,0.975,0.8461538461538461,1,1,0.975,0.8461538461538461,1,1,0.95,0.8461538461538461,0,-0.025,0,0
colon,3,2000,1400,0.7,70,1,1,0.8125,0.6666666666666666,1,1,0.78125,0.6666666666666666,1,1,0.78125,0.6666666666666666,-0.03125,-0.03125,0,0
colon,4,2000,1400,0.7,70,1,1,0.9375,0.8333333333333334,1,1,0.84375,0.8333333333333334,1,1,0.84375,0.8333333333333334,-0.09375,-0.09375,0,0
colon,5,2000,1400,0.7,70,1,1,1,0.8333333333333334,1,1,1,0.9166666666666666,1,1,0.9375,0.8333333333333334,0,-0.0625,0.083333333,0
colon,1,2000,1200,0.6,60,1,1,0.95,0.8461538461538461,1,1,0.95,0.7692307692307693,1,1,0.975,0.9230769230769231,0,0.025000000000000022,-0.076923077,0.076923077
colon,2,2000,1200,0.6,60,1,1,0.975,0.8461538461538461,1,1,0.95,0.9230769230769231,1,1,0.95,0.8461538461538461,-0.025,-0.025,0.076923077,0
colon,3,2000,1200,0.6,60,1,1,0.8125,0.6666666666666666,1,1,0.78125,0.6666666666666666,1,1,0.78125,0.6666666666666666,-0.03125,-0.03125,0,0
colon,4,2000,1200,0.6,60,1,1,0.9375,0.8333333333333334,1,1,0.875,0.8333333333333334,1,1,0.921875,0.8333333333333334,-0.0625,-0.015625,0,0
colon,5,2000,1200,0.6,60,1,1,1,0.8333333333333334,1,1,1,0.9166666666666666,1,1,0.96875,0.9166666666666666,0,-0.03125,0.083333333,0.083333333
colon,1,2000,1000,0.5,50,1,1,0.95,0.8461538461538461,1,1,0.95,0.7692307692307693,1,1,0.975,0.9230769230769231,0,0.025000000000000022,-0.076923077,0.076923077
colon,2,2000,1000,0.5,50,1,1,0.975,0.8461538461538461,1,1,0.975,0.8461538461538461,1,1,0.95,0.8461538461538461,0,-0.025,0,0
colon,3,2000,1000,0.5,50,1,1,0.8125,0.6666666666666666,1,1,0.71875,0.6666666666666666,1,1,0.75,0.75,-0.09375,-0.0625,0,0.083333333
colon,4,2000,1000,0.5,50,1,1,0.9375,0.8333333333333334,1,1,0.84375,0.8333333333333334,1,1,0.84375,0.8333333333333334,-0.09375,-0.09375,0,0
colon,5,2000,1000,0.5,50,1,1,1,0.8333333333333334,1,1,1,0.9166666666666666,1,1,0.96875,0.8333333333333334,0,-0.03125,0.083333333,0
colon,1,2000,800,0.4,40,1,1,0.95,0.8461538461538461,1,1,0.95,0.8461538461538461,1,1,0.975,0.9230769230769231,0,0.025000000000000022,0,0.076923077
colon,2,2000,800,0.4,40,1,1,0.975,0.8461538461538461,1,1,0.975,0.8461538461538461,1,1,0.95,0.8461538461538461,0,-0.025,0,0
colon,3,2000,800,0.4,40,1,1,0.8125,0.6666666666666666,1,1,0.75,0.6666666666666666,1,1,0.8125,0.75,-0.0625,0,0,0.083333333
colon,4,2000,800,0.4,40,1,1,0.9375,0.8333333333333334,1,1,0.875,0.8333333333333334,1,1,0.875,0.8333333333333334,-0.0625,-0.0625,0,0
colon,5,2000,800,0.4,40,1,1,1,0.8333333333333334,1,1,0.96875,0.9166666666666666,1,1,0.96875,0.9166666666666666,-0.03125,-0.03125,0.083333333,0.083333333
colon,1,2000,600,0.3,30,1,1,0.95,0.8461538461538461,1,1,0.975,0.9230769230769231,1,1,0.975,0.9230769230769231,0.025000000000000022,0.025000000000000022,0.076923077,0.076923077
colon,2,2000,600,0.3,30,1,1,0.975,0.8461538461538461,1,1,0.975,0.8461538461538461,1,1,0.975,0.8461538461538461,0,0,0,0
colon,3,2000,600,0.3,30,1,1,0.8125,0.6666666666666666,1,1,0.78125,0.5833333333333334,1,1,0.75,0.6666666666666666,-0.03125,-0.0625,-0.083333333,0
colon,4,2000,600,0.3,30,1,1,0.9375,0.8333333333333334,1,1,0.9375,0.8333333333333334,1,1,0.875,0.8333333333333334,0,-0.0625,0,0
colon,5,2000,600,0.3,30,1,1,1,0.8333333333333334,1,1,1,0.9166666666666666,1,1,0.96875,0.9166666666666666,0,-0.03125,0.083333333,0.083333333
colon,1,2000,400,0.2,20,1,1,0.95,0.8461538461538461,1,1,0.975,0.9230769230769231,1,1,0.975,0.9230769230769231,0.025000000000000022,0.025000000000000022,0.076923077,0.076923077
colon,2,2000,400,0.2,20,1,1,0.975,0.8461538461538461,1,1,0.975,0.8461538461538461,1,1,0.95,0.9230769230769231,0,-0.025,0,0.076923077
colon,3,2000,400,0.2,20,1,1,0.8125,0.6666666666666666,1,1,0.8125,0.6666666666666666,1,1,0.84375,0.6666666666666666,0,0.03125,0,0
colon,4,2000,400,0.2,20,1,1,0.9375,0.8333333333333334,1,1,0.8125,0.8333333333333334,1,1,0.90625,0.8333333333333334,-0.125,-0.03125,0,0
colon,5,2000,400,0.2,20,1,1,1,0.8333333333333334,1,1,0.90625,0.8333333333333334,1,1,0.96875,0.9166666666666666,-0.09375,-0.03125,0,0.083333333
colon,1,2000,200,0.1,10,1,1,0.95,0.8461538461538461,1,1,0.95,0.9230769230769231,1,1,0.975,0.8461538461538461,0,0.025000000000000022,0.076923077,0
colon,2,2000,200,0.1,10,1,1,0.975,0.8461538461538461,1,1,0.95,0.8461538461538461,1,1,0.95,0.8461538461538461,-0.025,-0.025,0,0
colon,3,2000,200,0.1,10,1,1,0.8125,0.6666666666666666,1,1,0.78125,0.75,1,1,0.8125,0.6666666666666666,-0.03125,0,0.083333333,0
colon,4,2000,200,0.1,10,1,1,0.9375,0.8333333333333334,1,1,0.90625,0.8333333333333334,1,1,0.8125,0.8333333333333334,-0.03125,-0.125,0,0
colon,5,2000,200,0.1,10,1,1,1,0.8333333333333334,1,1,0.90625,0.8333333333333334,1,1,1,1,-0.09375,0,0,0.16666666666666663
colon,1,2000,100,0.05,5,1,1,0.95,0.8461538461538461,1,1,0.95,0.8461538461538461,1,1,0.875,0.7692307692307693,0,-0.075,0,-0.076923077
colon,2,2000,100,0.05,5,1,1,0.975,0.8461538461538461,1,1,1,1,1,1,0.975,0.9230769230769231,0.025000000000000022,0,0.15384615384615385,0.076923077
colon,3,2000,100,0.05,5,1,1,0.8125,0.6666666666666666,1,1,0.8125,0.8333333333333334,1,1,0.875,0.75,0,0.0625,0.16666666666666674,0.083333333
colon,4,2000,100,0.05,5,1,1,0.9375,0.8333333333333334,1,1,1,0.75,1,1,0.71875,0.8333333333333334,0.0625,-0.21875,-0.083333333,0
colon,5,2000,100,0.05,5,1,1,1,0.8333333333333334,1,1,0.875,0.8333333333333334,1,1,0.9375,0.75,-0.125,-0.0625,0,-0.083333333
leukemia,1,7070,7070,1,100,1,1,1,1,1,1,1,1,1,1,1,1,0,0,0,0
leukemia,2,7070,7070,1,100,1,1,0.9,0.8,1,1,0.9,0.8,1,1,0.9,0.8,0,0,0,0
leukemia,3,7070,7070,1,100,1,1,1,0.9285714285714286,1,1,1,0.9285714285714286,1,1,1,0.9285714285714286,0,0,0,0
leukemia,4,7070,7070,1,100,1,1,1,1,1,1,1,1,1,1,1,1,0,0,0,0
leukemia,5,7070,7070,1,100,1,1,1,1,1,1,1,1,1,1,1,1,0,0,0,0
leukemia,1,7070,6363,0.9,90,1,1,1,1,1,1,1,1,1,1,1,1,0,0,0,0
leukemia,2,7070,6363,0.9,90,1,1,0.9,0.8,1,1,0.92,0.8666666666666667,1,1,0.92,0.8666666666666667,0.020000000000000018,0.020000000000000018,0.066666667,0.066666667
leukemia,3,7070,6363,0.9,90,1,1,1,0.9285714285714286,1,1,1,0.8571428571428571,1,1,1,0.9285714285714286,0,0,-0.071428571,0
leukemia,4,7070,6363,0.9,90,1,1,1,1,1,1,1,0.9285714285714286,1,1,1,0.9285714285714286,0,0,-0.071428571,-0.071428571
leukemia,5,7070,6363,0.9,90,1,1,1,1,1,1,1,1,1,1,1,1,0,0,0,0
leukemia,1,7070,5656,0.8,80,1,1,1,1,1,1,1,1,1,1,1,1,0,0,0,0
leukemia,2,7070,5656,0.8,80,1,1,0.9,0.8,1,1,0.9,0.8,1,1,0.9,0.8666666666666667,0,0,0,0.066666667
leukemia,3,7070,5656,0.8,80,1,1,1,0.9285714285714286,1,1,1,0.8571428571428571,1,1,1,0.9285714285714286,0,0,-0.071428571,0
leukemia,4,7070,5656,0.8,80,1,1,1,1,1,1,1,0.9285714285714286,1,1,1,0.9285714285714286,0,0,-0.071428571,-0.071428571
leukemia,5,7070,5656,0.8,80,1,1,1,1,1,1,1,1,1,1,1,1,0,0,0,0
leukemia,1,7070,4949,0.7,70,1,1,1,1,1,1,1,1,1,1,1,1,0,0,0,0
leukemia,2,7070,4949,0.7,70,1,1,0.9,0.8,1,1,0.8800000000000001,0.8666666666666667,1,1,0.9,0.8666666666666667,-0.02,0,0.066666667,0.066666667
leukemia,3,7070,4949,0.7,70,1,1,1,0.9285714285714286,1,1,1,0.8571428571428571,1,1,1,0.8571428571428571,0,0,-0.071428571,-0.071428571
leukemia,4,7070,4949,0.7,70,1,1,1,1,1,1,1,1,1,1,1,1,0,0,0,0
leukemia,5,7070,4949,0.7,70,1,1,1,1,1,1,1,1,1,1,1,1,0,0,0,0
leukemia,1,7070,4242,0.6,60,1,1,1,1,1,1,1,1,1,1,1,1,0,0,0,0
leukemia,2,7070,4242,0.6,60,1,1,0.9,0.8,1,1,0.9,0.8666666666666667,1,1,0.9,0.8666666666666667,0,0,0.066666667,0.066666667
leukemia,3,7070,4242,0.6,60,1,1,1,0.9285714285714286,1,1,1,0.9285714285714286,1,1,1,0.8571428571428571,0,0,0,-0.071428571
leukemia,4,7070,4242,0.6,60,1,1,1,1,1,1,1,1,1,1,1,1,0,0,0,0
leukemia,5,7070,4242,0.6,60,1,1,1,1,1,1,1,1,1,1,1,1,0,0,0,0
leukemia,1,7070,3535,0.5,50,1,1,1,1,1,1,1,0.9333333333333333,1,1,1,1,0,0,-0.066666667,0
leukemia,2,7070,3535,0.5,50,1,1,0.9,0.8,1,1,0.9,0.8,1,1,0.9,0.8666666666666667,0,0,0,0.066666667
leukemia,3,7070,3535,0.5,50,1,1,1,0.9285714285714286,1,1,1,0.8571428571428571,1,1,1,0.7857142857142857,0,0,-0.071428571,-0.142857143
leukemia,4,7070,3535,0.5,50,1,1,1,1,1,1,1,0.9285714285714286,1,1,1,0.9285714285714286,0,0,-0.071428571,-0.071428571
leukemia,5,7070,3535,0.5,50,1,1,1,1,1,1,1,1,1,1,1,1,0,0,0,0
leukemia,1,7070,2828,0.4,40,1,1,1,1,1,1,1,0.9333333333333333,1,1,1,0.9333333333333333,0,0,-0.066666667,-0.066666667
leukemia,2,7070,2828,0.4,40,1,1,0.9,0.8,1,1,0.9,0.8,1,1,0.9,0.8666666666666667,0,0,0,0.066666667
leukemia,3,7070,2828,0.4,40,1,1,1,0.9285714285714286,1,1,1,0.7857142857142857,1,1,1,0.7857142857142857,0,0,-0.142857143,-0.142857143
leukemia,4,7070,2828,0.4,40,1,1,1,1,1,1,1,1,1,1,1,1,0,0,0,0
leukemia,5,7070,2828,0.4,40,1,1,1,1,1,1,1,1,1,1,1,1,0,0,0,0
leukemia,1,7070,2121,0.3,30,1,1,1,1,1,1,1,0.9333333333333333,1,1,1,1,0,0,-0.066666667,0
leukemia,2,7070,2121,0.3,30,1,1,0.9,0.8,1,1,0.9,0.8,1,1,0.87,0.8666666666666667,0,-0.03,0,0.066666667
leukemia,3,7070,2121,0.3,30,1,1,1,0.9285714285714286,1,1,1,0.7857142857142857,1,1,1,0.7857142857142857,0,0,-0.142857143,-0.142857143
leukemia,4,7070,2121,0.3,30,1,1,1,1,1,1,1,1,1,1,1,0.9285714285714286,0,0,0,-0.071428571
leukemia,5,7070,2121,0.3,30,1,1,1,1,1,1,1,1,1,1,1,1,0,0,0,0
leukemia,1,7070,1414,0.2,20,1,1,1,1,1,1,1,0.9333333333333333,1,1,1,0.9333333333333333,0,0,-0.066666667,-0.066666667
leukemia,2,7070,1414,0.2,20,1,1,0.9,0.8,1,1,0.92,0.8666666666666667,1,1,0.8800000000000001,0.8666666666666667,0.020000000000000018,-0.02,0.066666667,0.066666667
leukemia,3,7070,1414,0.2,20,1,1,1,0.9285714285714286,1,1,0.9777777777777777,0.7857142857142857,1,1,1,0.7857142857142857,-0.022222222,0,-0.142857143,-0.142857143
leukemia,4,7070,1414,0.2,20,1,1,1,1,1,1,1,1,1,1,1,0.9285714285714286,0,0,0,-0.071428571
leukemia,5,7070,1414,0.2,20,1,1,1,1,1,1,1,1,1,1,1,1,0,0,0,0
leukemia,1,7070,707,0.1,10,1,1,1,1,1,1,1,0.9333333333333333,1,1,1,0.9333333333333333,0,0,-0.066666667,-0.066666667
leukemia,2,7070,707,0.1,10,1,1,0.9,0.8,1,1,0.9,0.8666666666666667,1,1,0.8,0.8,0,-0.1,0.066666667,0
leukemia,3,7070,707,0.1,10,1,1,1,0.9285714285714286,1,1,0.9777777777777779,0.7857142857142857,1,1,1,0.7857142857142857,-0.022222222,0,-0.142857143,-0.142857143
leukemia,4,7070,707,0.1,10,1,1,1,1,1,1,1,1,1,1,1,0.9285714285714286,0,0,0,-0.071428571
leukemia,5,7070,707,0.1,10,1,1,1,1,1,1,1,1,1,1,1,1,0,0,0,0
leukemia,1,7070,354,0.05,5,1,1,1,1,1,1,1,0.9333333333333333,1,1,1,1,0,0,-0.066666667,0
leukemia,2,7070,354,0.05,5,1,1,0.9,0.8,1,1,0.92,0.8,1,1,0.76,0.8,0.020000000000000018,-0.14,0,0
leukemia,3,7070,354,0.05,5,1,1,1,0.9285714285714286,1,1,0.8888888888888888,0.7857142857142857,1,1,0.9777777777777777,0.7857142857142857,-0.111111111,-0.022222222,-0.142857143,-0.142857143
leukemia,4,7070,354,0.05,5,1,1,1,1,1,1,1,1,1,1,1,0.9285714285714286,0,0,0,-0.071428571
leukemia,5,7070,354,0.05,5,1,1,1,1,1,1,1,1,1,1,1,0.9285714285714286,0,0,0,-0.071428571
RELATHE,1,4322,4322,1,100,1,1,0.9640285996055228,0.8951048951048951,1,1,0.9640285996055228,0.8951048951048951,1,1,0.9640285996055228,0.8951048951048951,0,0,0,0
RELATHE,2,4322,4322,1,100,1,1,0.9716962524654832,0.9230769230769231,1,1,0.9716962524654832,0.9230769230769231,1,1,0.9716962524654832,0.9230769230769231,0,0,0,0
RELATHE,3,4322,4322,1,100,1,1,0.9369161200556549,0.8947368421052632,1,1,0.9369161200556549,0.8947368421052632,1,1,0.9369161200556549,0.8947368421052632,0,0,0,0
RELATHE,4,4322,4322,1,100,1,1,0.9799741602067182,0.9263157894736842,1,1,0.9799741602067182,0.9263157894736842,1,1,0.9799741602067182,0.9263157894736842,0,0,0,0
RELATHE,5,4322,4322,1,100,1,1,0.9544665012406949,0.9087719298245615,1,1,0.9544665012406949,0.9087719298245615,1,1,0.9544665012406949,0.9087719298245615,0,0,0,0
RELATHE,1,4322,3890,0.9,90,1,1,0.9640285996055228,0.8951048951048951,1,1,0.9599605522682446,0.8986013986013986,1,1,0.9619329388560158,0.9020979020979021,-0.004068047,-0.002095661,0.003496503,0.006993007
RELATHE,2,4322,3890,0.9,90,1,1,0.9716962524654832,0.9230769230769231,1,1,0.9730029585798817,0.9230769230769231,1,1,0.9694526627218935,0.9090909090909091,0.001306706,-0.00224359,0,-0.013986014
RELATHE,3,4322,3890,0.9,90,1,1,0.9369161200556549,0.8947368421052632,1,1,0.9369161200556549,0.9122807017543859,1,1,0.9372142715165972,0.9017543859649123,0,0.000298151,0.01754386,0.007017544
RELATHE,4,4322,3890,0.9,90,1,1,0.9799741602067182,0.9263157894736842,1,1,0.9797257006559332,0.9298245614035088,1,1,0.976769032,0.9403508771929825,-0.00024846,-0.003205128,0.003508772,0.014035088
RELATHE,5,4322,3890,0.9,90,1,1,0.9544665012406949,0.9087719298245615,1,1,0.9564516129032259,0.9052631578947369,1,1,0.956029777,0.9157894736842105,0.001985112,0.001563275,-0.003508772,0.007017544
RELATHE,1,4322,3458,0.8,80,1,1,0.9640285996055228,0.8951048951048951,1,1,0.9612919132149901,0.8916083916083916,1,1,0.9606508875739646,0.9020979020979021,-0.002736686,-0.003377712,-0.003496503,0.006993007
RELATHE,2,4322,3458,0.8,80,1,1,0.9716962524654832,0.9230769230769231,1,1,0.9705128205128206,0.916083916,1,1,0.968491124,0.916083916,-0.001183432,-0.003205128,-0.006993007,-0.006993007
RELATHE,3,4322,3458,0.8,80,1,1,0.9369161200556549,0.8947368421052632,1,1,0.9370651957861261,0.8912280701754386,1,1,0.9361210494931426,0.887719298,0.000149076,-0.000795071,-0.003508772,-0.007017544
RELATHE,4,4322,3458,0.8,80,1,1,0.9799741602067182,0.9263157894736842,1,1,0.9798002385211688,0.9403508771929825,1,1,0.9790051679586563,0.9228070175438596,-0.000173922,-0.000968992,0.014035088,-0.003508772
RELATHE,5,4322,3458,0.8,80,1,1,0.9544665012406949,0.9087719298245615,1,1,0.9546650124069479,0.9122807017543859,1,1,0.9565508684863524,0.9157894736842105,0.000198511,0.002084367,0.003508772,0.007017544
RELATHE,1,4322,3025,0.7,70,1,1,0.9640285996055228,0.8951048951048951,1,1,0.958801775,0.8916083916083916,1,1,0.956311637,0.8741258741258742,-0.005226824,-0.007716963,-0.003496503,-0.020979021
RELATHE,2,4322,3025,0.7,70,1,1,0.9716962524654832,0.9230769230769231,1,1,0.9669378698224852,0.9125874125874126,1,1,0.9719428007889546,0.9020979020979021,-0.004758383,0.000246548,-0.01048951,-0.020979021
RELATHE,3,4322,3025,0.7,70,1,1,0.9369161200556549,0.8947368421052632,1,1,0.9343569866825681,0.8912280701754386,1,1,0.933338303,0.8947368421052632,-0.002559133,-0.003577818,-0.003508772,0
RELATHE,4,4322,3025,0.7,70,1,1,0.9799741602067182,0.9263157894736842,1,1,0.9778125621148877,0.9333333333333333,1,1,0.976570264,0.9157894736842105,-0.002161598,-0.003403896,0.007017544,-0.010526316
RELATHE,5,4322,3025,0.7,70,1,1,0.9544665012406949,0.9087719298245615,1,1,0.9537468982630274,0.9052631578947369,1,1,0.9581885856079404,0.9052631578947369,-0.000719603,0.003722084,-0.003508772,-0.003508772
RELATHE,1,4322,2593,0.6,60,1,1,0.9640285996055228,0.8951048951048951,1,1,0.9587524654832347,0.8986013986013986,1,1,0.9505424063116371,0.8741258741258742,-0.005276134,-0.013486193,0.003496503,-0.020979021
RELATHE,2,4322,2593,0.6,60,1,1,0.9716962524654832,0.9230769230769231,1,1,0.9678500986193294,0.9125874125874126,1,1,0.9739891518737672,0.916083916,-0.003846154,0.002292899,-0.01048951,-0.006993007
RELATHE,3,4322,2593,0.6,60,1,1,0.9369161200556549,0.8947368421052632,1,1,0.934207911,0.8947368421052632,1,1,0.9317233154442456,0.8912280701754386,-0.002708209,-0.005192805,0,-0.003508772
RELATHE,4,4322,2593,0.6,60,1,1,0.9799741602067182,0.9263157894736842,1,1,0.9783591731266149,0.9263157894736842,1,1,0.975452196,0.9228070175438596,-0.001614987,-0.004521964,0,-0.003508772
RELATHE,5,4322,2593,0.6,60,1,1,0.9544665012406949,0.9087719298245615,1,1,0.9517866004962778,0.8947368421052632,1,1,0.9547642679900745,0.9052631578947369,-0.002679901,0.000297767,-0.014035088,-0.003508772
RELATHE,1,4322,2161,0.5,50,1,1,0.9640285996055228,0.8951048951048951,1,1,0.9493343195266273,0.8881118881118881,1,1,0.948052268,0.8741258741258742,-0.01469428,-0.015976331,-0.006993007,-0.020979021
RELATHE,2,4322,2161,0.5,50,1,1,0.9716962524654832,0.9230769230769231,1,1,0.9643984220907298,0.9125874125874126,1,1,0.9714003944773175,0.9265734265734266,-0.00729783,-0.000295858,-0.01048951,0.003496503
RELATHE,3,4322,2161,0.5,50,1,1,0.9369161200556549,0.8947368421052632,1,1,0.930481018,0.8982456140350877,1,1,0.9280212681375472,0.9052631578947369,-0.006435102,-0.008894852,0.003508772,0.010526315789473717
RELATHE,4,4322,2161,0.5,50,1,1,0.9799741602067182,0.9263157894736842,1,1,0.975402504,0.9228070175438596,1,1,0.97371298,0.9157894736842105,-0.004571656,-0.006261181,-0.003508772,-0.010526316
RELATHE,5,4322,2161,0.5,50,1,1,0.9544665012406949,0.9087719298245615,1,1,0.9512158808933002,0.8947368421052632,1,1,0.9501736972704715,0.8982456140350877,-0.00325062,-0.004292804,-0.014035088,-0.010526316
RELATHE,1,4322,1729,0.4,40,1,1,0.9640285996055228,0.8951048951048951,1,1,0.9556706114398422,0.8811188811188811,1,1,0.945759369,0.8881118881118881,-0.008357988,-0.018269231,-0.013986014,-0.006993007
RELATHE,2,4322,1729,0.4,40,1,1,0.9716962524654832,0.9230769230769231,1,1,0.9637080867850099,0.9055944055944056,1,1,0.9699211045364892,0.9020979020979021,-0.007988166,-0.001775148,-0.017482517,-0.020979021
RELATHE,3,4322,1729,0.4,40,1,1,0.9369161200556549,0.8947368421052632,1,1,0.9318226992645597,0.9052631578947369,1,1,0.9252633671238323,0.8807017543859649,-0.005093421,-0.011652753,0.010526315789473717,-0.014035088
RELATHE,4,4322,1729,0.4,40,1,1,0.9799741602067182,0.9263157894736842,1,1,0.9764957264957265,0.9228070175438596,1,1,0.9680232558139535,0.9157894736842105,-0.003478434,-0.011950904,-0.003508772,-0.010526316
RELATHE,5,4322,1729,0.4,40,1,1,0.9544665012406949,0.9087719298245615,1,1,0.9524813895781639,0.9052631578947369,1,1,0.9526799007444169,0.8947368421052632,-0.001985112,-0.0017866,-0.003508772,-0.014035088
RELATHE,1,4322,1297,0.3,30,1,1,0.9640285996055228,0.8951048951048951,1,1,0.9492110453648915,0.8811188811188811,0.9999969012810105,0.9991235758106923,0.9392998027613413,0.8706293706293706,-0.014817554,-0.024728797,-0.013986014,-0.024475524
RELATHE,2,4322,1297,0.3,30,1,1,0.9716962524654832,0.9230769230769231,1,1,0.966198225,0.9090909090909091,0.9999984506405052,0.9991235758106923,0.959146943,0.9055944055944056,-0.005498028,-0.01254931,-0.013986014,-0.017482517
RELATHE,3,4322,1297,0.3,30,1,1,0.9369161200556549,0.8947368421052632,1,1,0.9313009342079109,0.8807017543859649,1,1,0.9142317630689722,0.8666666666666667,-0.005615186,-0.022684357,-0.014035088,-0.028070175
RELATHE,4,4322,1297,0.3,30,1,1,0.9799741602067182,0.9263157894736842,1,1,0.9745080500894454,0.9122807017543859,1,1,0.9526436096203539,0.8842105263157894,-0.00546611,-0.027330551,-0.014035088,-0.042105263
RELATHE,5,4322,1297,0.3,30,1,1,0.9544665012406949,0.9087719298245615,0.9999984531234531,0.999124343,0.944665012,0.8807017543859649,0.9999969062469063,0.999124343,0.9547146401985113,0.9157894736842105,-0.009801489,0.000248139,-0.028070175,0.007017544
RELATHE,1,4322,864,0.2,20,1,1,0.9640285996055228,0.8951048951048951,1,1,0.9524901380670612,0.8776223776223776,0.9999953519215157,0.9991235758106923,0.9246055226824458,0.8706293706293706,-0.011538462,-0.039423077,-0.017482517,-0.024475524
RELATHE,2,4322,864,0.2,20,1,1,0.9716962524654832,0.9230769230769231,0.9999984506405052,0.9991235758106923,0.9627465483234714,0.8986013986013986,0.999986056,0.9973707274320771,0.9277120315581854,0.8531468531468531,-0.008949704,-0.043984221,-0.024475524,-0.06993007
RELATHE,3,4322,864,0.2,20,1,1,0.9369161200556549,0.8947368421052632,0.9999984536257837,0.999124343,0.9355744384814151,0.8982456140350877,0.9999969072515673,0.999124343,0.9128403895845756,0.8491228070175438,-0.001341682,-0.02407573,0.003508772,-0.045614035
RELATHE,4,4322,864,0.2,20,1,1,0.9799741602067182,0.9263157894736842,1,1,0.9681723315444246,0.9157894736842105,1,1,0.9362701252236135,0.8631578947368421,-0.011801829,-0.043704035,-0.010526316,-0.063157895
RELATHE,5,4322,864,0.2,20,1,1,0.9544665012406949,0.9087719298245615,0.9999969062469063,0.999124343,0.9415632754342432,0.887719298,0.9999876249876251,0.9982486865148862,0.9486600496277916,0.8771929824561403,-0.012903226,-0.005806452,-0.021052632,-0.031578947
RELATHE,1,4322,432,0.1,10,1,1,0.9640285996055228,0.8951048951048951,0.9999876051240417,0.9982471516213848,0.9177268244575937,0.8671328671328671,0.9998450640505214,0.992988606,0.8656311637080868,0.8041958041958042,-0.046301775,-0.098397436,-0.027972028,-0.090909091
RELATHE,2,4322,432,0.1,10,1,1,0.9716962524654832,0.9230769230769231,0.9999984506405052,0.9991235758106923,0.9550295857988165,0.8916083916083916,0.999459274,0.9877300613496932,0.881188363,0.8041958041958042,-0.016666667,-0.09050789,-0.031468531,-0.118881119
RELATHE,3,4322,432,0.1,10,1,1,0.9369161200556549,0.8947368421052632,0.9999845362578362,0.9982486865148862,0.9066537467700259,0.8666666666666667,0.9999319595344794,0.9947460595446584,0.8589246670642019,0.7719298245614035,-0.030262373,-0.077991453,-0.028070175,-0.122807018
RELATHE,4,4322,432,0.1,10,1,1,0.9799741602067182,0.9263157894736842,1,1,0.9399721725303122,0.8807017543859649,0.9999118566696666,0.9947460595446584,0.9049393758696084,0.8140350877192982,-0.040001988,-0.075034784,-0.045614035,-0.112280702
RELATHE,5,4322,432,0.1,10,1,1,0.9544665012406949,0.9087719298245615,0.9999969062469063,0.999124343,0.9382630272952853,0.8807017543859649,0.9997416716166717,0.9912434325744308,0.8906451612903227,0.8315789473684211,-0.016203474,-0.06382134,-0.028070175,-0.077192982
RELATHE,1,4322,216,0.05,5,1,1,0.9640285996055228,0.8951048951048951,0.9989758733739472,0.978965819,0.9171104536489151,0.8706293706293706,0.9942053954895047,0.9430324276950044,0.8138806706114396,0.7727272727272727,-0.046918146,-0.150147929,-0.024475524,-0.122377622
RELATHE,2,4322,216,0.05,5,1,1,0.9716962524654832,0.9230769230769231,0.9998156262201207,0.9912357581069238,0.9251972386587771,0.8566433566433567,0.9833970636538855,0.915863278,0.7951676528599606,0.7342657342657343,-0.046499014,-0.1765286,-0.066433566,-0.188811189
RELATHE,3,4322,216,0.05,5,1,1,0.9369161200556549,0.8947368421052632,0.9975830170998061,0.9693520140105079,0.8908268733850129,0.8526315789473684,0.9904372218459379,0.936077058,0.8127857284834028,0.7614035087719299,-0.046089247,-0.124130392,-0.042105263,-0.133333333
RELATHE,4,4322,216,0.05,5,1,1,0.9799741602067182,0.9263157894736842,0.9997618583706782,0.9912434325744308,0.9417859272510436,0.8701754385964913,0.9916000952566518,0.9404553415061296,0.879497118,0.8070175438596491,-0.038188233,-0.100477042,-0.056140351,-0.119298246
RELATHE,5,4322,216,0.05,5,1,1,0.9544665012406949,0.9087719298245615,0.9999566874566875,0.9964973730297724,0.8925558312655087,0.8245614035087719,0.9943925725175725,0.9588441330998249,0.8403722084367247,0.775438596,-0.06191067,-0.114094293,-0.084210526,-0.133333333
