dataset_name,selector,feature_selection_method,selection_value,fold_count,k_features,Accuracy,AUC,train_Accuracy,train_AUC,baseline_Accuracy,baseline_AUC,baseline_train_Accuracy,baseline_train_AUC,checkpoint_path,checkpoint_status
Breast,concrete_autoencoder,single_split,1,1,1,0.55,0.4696969696969697,0.8701298701298701,0.9183673469387755,0.55,0.7575757575757576,1.0,1.0,/home/fast/ezrashl1/Tabular-Datasets-Benchmark-hub/output/2026-06-25_00-36-53/checkpoints/Breast_k1_concrete_autoencoder.keras,saved
Breast,concrete_autoencoder,single_split,5,1,5,0.55,0.5353535353535352,1.0,1.0,0.55,0.7575757575757576,1.0,1.0,/home/fast/ezrashl1/Tabular-Datasets-Benchmark-hub/output/2026-06-25_00-36-53/checkpoints/Breast_k5_concrete_autoencoder.keras,saved
Breast,concrete_autoencoder,single_split,10,1,10,0.7,0.7777777777777778,1.0,1.0,0.55,0.7575757575757576,1.0,1.0,/home/fast/ezrashl1/Tabular-Datasets-Benchmark-hub/output/2026-06-25_00-36-53/checkpoints/Breast_k10_concrete_autoencoder.keras,saved
Breast,concrete_autoencoder,single_split,30,1,30,0.75,0.6969696969696969,1.0,1.0,0.55,0.7575757575757576,1.0,1.0,/home/fast/ezrashl1/Tabular-Datasets-Benchmark-hub/output/2026-06-25_00-36-53/checkpoints/Breast_k30_concrete_autoencoder.keras,saved
Breast,concrete_autoencoder,single_split,60,1,60,0.75,0.8787878787878788,1.0,1.0,0.55,0.7575757575757576,1.0,1.0,/home/fast/ezrashl1/Tabular-Datasets-Benchmark-hub/output/2026-06-25_00-36-53/checkpoints/Breast_k60_concrete_autoencoder.keras,saved
RELATHE,concrete_autoencoder,single_split,1,1,1,0.5314685314685315,0.5208906127258445,0.5495179666958808,0.5351373658766655,0.8076923076923077,0.9232374312647289,0.838737949167397,0.9579726199120013,/home/fast/ezrashl1/Tabular-Datasets-Benchmark-hub/output/2026-06-25_00-36-53/checkpoints/RELATHE_k1_concrete_autoencoder.keras,saved
RELATHE,concrete_autoencoder,single_split,5,1,5,0.5314685314685315,0.5208906127258445,0.5495179666958808,0.5351373658766655,0.8076923076923077,0.9232374312647289,0.838737949167397,0.9579726199120013,/home/fast/ezrashl1/Tabular-Datasets-Benchmark-hub/output/2026-06-25_00-36-53/checkpoints/RELATHE_k5_concrete_autoencoder.keras,saved
RELATHE,concrete_autoencoder,single_split,10,1,10,0.5314685314685315,0.5361105655930871,0.5495179666958808,0.5741363046810517,0.8076923076923077,0.9232374312647289,0.838737949167397,0.9579726199120013,/home/fast/ezrashl1/Tabular-Datasets-Benchmark-hub/output/2026-06-25_00-36-53/checkpoints/RELATHE_k10_concrete_autoencoder.keras,saved
RELATHE,concrete_autoencoder,single_split,30,1,30,0.5909090909090909,0.5890858208955223,0.621384750219106,0.6292812416609262,0.8076923076923077,0.9232374312647289,0.838737949167397,0.9579726199120013,/home/fast/ezrashl1/Tabular-Datasets-Benchmark-hub/output/2026-06-25_00-36-53/checkpoints/RELATHE_k30_concrete_autoencoder.keras,saved
RELATHE,concrete_autoencoder,single_split,60,1,60,0.583916083916084,0.6223487824037707,0.6415425065731815,0.6851569142169183,0.8076923076923077,0.9232374312647289,0.838737949167397,0.9579726199120013,/home/fast/ezrashl1/Tabular-Datasets-Benchmark-hub/output/2026-06-25_00-36-53/checkpoints/RELATHE_k60_concrete_autoencoder.keras,saved
SMK-CAN-187,concrete_autoencoder,single_split,1,1,1,0.6842105263157895,0.7305555555555556,0.8120805369127517,0.9442640692640694,0.7894736842105263,0.8111111111111111,0.959731543624161,0.9938672438672438,/home/fast/ezrashl1/Tabular-Datasets-Benchmark-hub/output/2026-06-25_00-36-53/checkpoints/SMK-CAN-187_k1_concrete_autoencoder.keras,saved
SMK-CAN-187,concrete_autoencoder,single_split,5,1,5,0.7631578947368421,0.8083333333333333,0.7449664429530202,0.862012987012987,0.7894736842105263,0.8111111111111111,0.959731543624161,0.9938672438672438,/home/fast/ezrashl1/Tabular-Datasets-Benchmark-hub/output/2026-06-25_00-36-53/checkpoints/SMK-CAN-187_k5_concrete_autoencoder.keras,saved
SMK-CAN-187,concrete_autoencoder,single_split,10,1,10,0.7631578947368421,0.7916666666666667,0.825503355704698,0.9246031746031746,0.7894736842105263,0.8111111111111111,0.959731543624161,0.9938672438672438,/home/fast/ezrashl1/Tabular-Datasets-Benchmark-hub/output/2026-06-25_00-36-53/checkpoints/SMK-CAN-187_k10_concrete_autoencoder.keras,saved
SMK-CAN-187,concrete_autoencoder,single_split,30,1,30,0.8157894736842105,0.7916666666666666,0.9932885906040269,0.9998196248196248,0.7894736842105263,0.8111111111111111,0.959731543624161,0.9938672438672438,/home/fast/ezrashl1/Tabular-Datasets-Benchmark-hub/output/2026-06-25_00-36-53/checkpoints/SMK-CAN-187_k30_concrete_autoencoder.keras,saved
SMK-CAN-187,concrete_autoencoder,single_split,60,1,60,0.7894736842105263,0.8277777777777777,1.0,1.0,0.7894736842105263,0.8111111111111111,0.959731543624161,0.9938672438672438,/home/fast/ezrashl1/Tabular-Datasets-Benchmark-hub/output/2026-06-25_00-36-53/checkpoints/SMK-CAN-187_k60_concrete_autoencoder.keras,saved
colon,concrete_autoencoder,single_split,1,1,1,0.6153846153846154,0.43750000000000006,0.6530612244897959,0.5983455882352942,0.6923076923076923,0.75,1.0,1.0,/home/fast/ezrashl1/Tabular-Datasets-Benchmark-hub/output/2026-06-25_00-36-53/checkpoints/colon_k1_concrete_autoencoder.keras,saved
colon,concrete_autoencoder,single_split,5,1,5,0.5384615384615384,0.375,0.8163265306122449,0.9016544117647058,0.6923076923076923,0.75,1.0,1.0,/home/fast/ezrashl1/Tabular-Datasets-Benchmark-hub/output/2026-06-25_00-36-53/checkpoints/colon_k5_concrete_autoencoder.keras,saved
colon,concrete_autoencoder,single_split,10,1,10,0.6153846153846154,0.5,0.8979591836734694,0.9283088235294118,0.6923076923076923,0.75,1.0,1.0,/home/fast/ezrashl1/Tabular-Datasets-Benchmark-hub/output/2026-06-25_00-36-53/checkpoints/colon_k10_concrete_autoencoder.keras,saved
colon,concrete_autoencoder,single_split,30,1,30,0.6153846153846154,0.475,1.0,1.0,0.6923076923076923,0.75,1.0,1.0,/home/fast/ezrashl1/Tabular-Datasets-Benchmark-hub/output/2026-06-25_00-36-53/checkpoints/colon_k30_concrete_autoencoder.keras,saved
colon,concrete_autoencoder,single_split,60,1,60,0.7692307692307693,0.875,1.0,1.0,0.6923076923076923,0.75,1.0,1.0,/home/fast/ezrashl1/Tabular-Datasets-Benchmark-hub/output/2026-06-25_00-36-53/checkpoints/colon_k60_concrete_autoencoder.keras,saved
leukemia,concrete_autoencoder,single_split,1,1,1,0.7333333333333333,0.7613636363636364,0.7894736842105263,0.8134920634920635,0.9333333333333333,1.0,1.0,1.0,/home/fast/ezrashl1/Tabular-Datasets-Benchmark-hub/output/2026-06-25_00-36-53/checkpoints/leukemia_k1_concrete_autoencoder.keras,saved
leukemia,concrete_autoencoder,single_split,5,1,5,0.7333333333333333,0.7045454545454546,0.8596491228070176,0.9252645502645502,0.9333333333333333,1.0,1.0,1.0,/home/fast/ezrashl1/Tabular-Datasets-Benchmark-hub/output/2026-06-25_00-36-53/checkpoints/leukemia_k5_concrete_autoencoder.keras,saved
leukemia,concrete_autoencoder,single_split,10,1,10,0.8,0.9318181818181819,0.9824561403508771,1.0,0.9333333333333333,1.0,1.0,1.0,/home/fast/ezrashl1/Tabular-Datasets-Benchmark-hub/output/2026-06-25_00-36-53/checkpoints/leukemia_k10_concrete_autoencoder.keras,saved
leukemia,concrete_autoencoder,single_split,30,1,30,0.8,0.8636363636363636,1.0,1.0,0.9333333333333333,1.0,1.0,1.0,/home/fast/ezrashl1/Tabular-Datasets-Benchmark-hub/output/2026-06-25_00-36-53/checkpoints/leukemia_k30_concrete_autoencoder.keras,saved
leukemia,concrete_autoencoder,single_split,60,1,60,0.8666666666666667,0.9772727272727273,1.0,1.0,0.9333333333333333,1.0,1.0,1.0,/home/fast/ezrashl1/Tabular-Datasets-Benchmark-hub/output/2026-06-25_00-36-53/checkpoints/leukemia_k60_concrete_autoencoder.keras,saved
